#SELECT * FROM categories;
INSERT INTO categories VALUES
('Spices & Essential Oils','Natural flavor enhancers from plants, adding depth to dishes with their aromatic and vibrant profiles.'),
('Coffee, Tea, & Their Products','Beloved beverages brewed from roasted seeds and leaves, offering a spectrum of flavors and caffeine levels.'),
('Preserved Foods','Treats preserved through canning, pickling, and fermenting, maintaining freshness and enhancing flavors.'),
('Sweeteners','Natural or artificial substances adding sweetness to foods and beverages, vital for baking and cooking.'),
('Fats & Oils','Culinary essentials from plant and animal sources, providing richness and texture to recipes.'),
('Milk, Eggs, & Their Products','Nutrient-rich staples versatile in cooking, yielding creamy textures and enhancing flavors.'),
('Meat & Its Products','Protein-rich staples from animals, offering savory delights in various forms and cooking methods.'),
('Fish & Their Products','Delicate-flavored sources of lean protein, prized for their omega-3 content and versatility in cooking.'),
('Cereals and their products','Nourishing staples derived from grains, cereals and their products offer versatile sustenullce in various forms, from bread to pasta.'),
('Various foods of plant origin','Culinary delights sourced from plants encompass fruits, vegetables, legumes, nuts, and seeds, providing diverse flavors and essential nutrients for wholesome meals.'),
('Products with sweeteners','Assorted food items enriched with natural or artificial sweetening agents enhance taste profiles with sweetness, essential for creating indulgent treats and beverages.'),
('Various drinks','A myriad of beverages, from refreshing juices to soothing teas and invigorating coffees, cater to diverse preferences and occasions, providing hydration, stimulation, and enjoyment');

INSERT INTO nationality VALUES
('American cuisine'),
('French cuisine'),
('British cuisine'),
('Thai cuisine'),
('Italian cuisine'),
('Japanese cuisine'),
('Greek cuisine'),
('Turkish cuisine'),
('Chinese cuisine'),
('Middle Eastern cuisine'),
('Mexican cuisine'),
('Indian cuisine'),
('Korean cuisine'),
('Asian cuisine'),
('Portuguese cuisine'),
('Indonesian cuisine'),
('Spanish cuisine'),
('Argentinian cuisine'),
('Brazilian cuisine'),
('Croatian cuisine');

#select * from ingredients;
INSERT INTO ingredients VALUES
('Cinnamon',3.99,80.59,10.58,261,'Spices & Essential Oils','Seasonings'),
('Garlic',6.36,33.06,0.5,149,'Spices & Essential Oils','Seasonings'),
('Ginger',1.82,17.77,0.75,80,'Spices & Essential Oils','Seasonings'),
('Black pepper',10.95,74.02,3.26,251,'Spices & Essential Oils','Seasonings'),
('Coffee beans',12.0,13.6,0.0,138,'Coffee, Tea, & Their Products','Beverages'),
('Black tea',20.0,3.39,0.7,123,'Coffee, Tea, & Their Products','Beverages'),
('Green tea',20.0,3.39,0.7,123,'Coffee, Tea, & Their Products','Beverages'),
('Pickles',0.4,3.8,0.2,19,'Preserved Foods','Preserves'),
('Canned tomatoes',1.1,4.0,0.2,21,'Preserved Foods','Preserves'),
('Olives',0.8,6.0,10.7,115,'Preserved Foods','Preserves'),
('Sugar',0.0,99.98,0.0,398,'Sweeteners','Sugars'),
('Honey',0.3,82.4,0.0,304,'Sweeteners','Sugars'),
('Maple syrup',0.0,67.0,0.0,260,'Sweeteners','Sugars'),
('Olive oil',0.0,0.0,100.0,884,'Fats & Oils','Fats'),
('Butter',0.85,0.06,81.11,717,'Fats & Oils','Fats'),
('Coconut oil',0.0,0.0,100.0,892,'Fats & Oils','Fats'),
('Eggs',12.6,1.1,9.5,143,'Milk, Eggs, & Their Products','Dairy'),
('Milk whole',3.2,4.8,3.9,61,'Milk, Eggs, & Their Products','Dairy'),
('Yogurt plain',10.0,3.6,3.3,88,'Milk, Eggs, & Their Products','Dairy'),
('Chicken breast',31.0,0.0,3.6,165,'Meat & Its Products','Meat'),
('Chicken',31.0,0.0,3.6,165,'Meat & Its Products','Meat'),
('Beef lean ground',27.0,0.0,15.0,250,'Meat & Its Products','Meat'),
('Beef',28.0,0.0,16.0,250,'Meat & Its Products','Meat'),
('Pork tenderloin',21.0,0.0,3.0,122,'Meat & Its Products','Meat'),
('Salmon',20.0,0.0,13.0,208,'Fish & Their Products','Seafood'),
('Tuna',30.0,0.0,1.0,132,'Fish & Their Products','Seafood'),
('Cod',18.0,0.0,0.7,82,'Fish & Their Products','Seafood'),
('Rice',2.7,28.0,0.3,130,'Cereals and their products','Grains'),
('Oats',2.5,12.0,1.4,71,'Cereals and their products','Grains'),
('Whole wheat bread',9.0,49.0,2.0,247,'Cereals and their products','Grains'),
('Spinach',2.9,3.6,0.4,23,'Various foods of plant origin','Vegan'),
('Potatoes',2.0,17.0,0.1,77,'Various foods of plant origin','Vegan'),
('Tomatoes',0.9,3.9,0.2,18,'Various foods of plant origin','Vegan'),
('Apples',0.3,14.0,0.2,52,'Various foods of plant origin','Vegan'),
('Banullas',1.1,22.0,0.3,89,'Various foods of plant origin','Vegan'),
('Carrots',0.6,9.6,0.3,41,'Various foods of plant origin','Vegan'),
('Broccoli',2.8,6.0,0.4,34,'Various foods of plant origin','Vegan'),
('Almonds',21.2,21.7,49.9,579,'Various foods of plant origin','Vegan'),
('Walnuts',15.2,13.7,65.2,654,'Various foods of plant origin','Vegan'),
('Chicken thighs',24.0,0.0,11.0,209,'Meat & Its Products','Meat'),
('Ground turkey',29.0,0.0,7.7,179,'Meat & Its Products','Meat'),
('Lamb chops',25.6,0.0,20.1,294,'Meat & Its Products','Meat'),
('Shrimp',24.0,0.0,0.3,99,'Fish & Their Products','Seafood'),
('Mackerel',20.8,0.0,13.9,305,'Fish & Their Products','Seafood'),
('Quinoa',4.4,21.3,1.9,120,'Cereals and their products','Grains'),
('Barley',2.3,28.2,0.4,122,'Cereals and their products','Grains'),
('Pasta',5.8,31.5,1.3,157,'Cereals and their products','Grains'),
('Avocado',2.0,8.5,14.7,160,'Various foods of plant origin','Vegan'),
('Blueberries',0.7,14.5,0.3,57,'Various foods of plant origin','Vegan'),
('Strawberries',0.8,7.7,0.4,32,'Various foods of plant origin','Vegan'),
('Peas',5.4,14.5,0.4,81,'Various foods of plant origin','Vegan'),
('Tofu',8.1,1.9,4.8,76,'Various foods of plant origin','Vegan'),
('Lentils',9.0,20.0,0.4,116,'Various foods of plant origin','Vegan'),
('Chickpeas',8.9,27.4,2.6,164,'Various foods of plant origin','Vegan'),
('Peanut butter',25.1,16.1,49.9,589,'Various foods of plant origin','Vegan'),
('Almond butter',21.1,6.9,53.5,614,'Various foods of plant origin','Vegan'),
('Skimmed Milk',3.4,4.9,0.2,35,'Milk, Eggs, & Their Products','Dairy'),
('Cottage cheese',11.1,2.7,4.3,98,'Milk, Eggs, & Their Products','Dairy'),
('Greek yogurt',10.0,3.6,0.4,59,'Milk, Eggs, & Their Products','Dairy'),
('Cheddar cheese',25.0,1.3,33.1,403,'Milk, Eggs, & Their Products','Dairy'),
('Mozzarella cheese',22.0,1.7,19.1,280,'Milk, Eggs, & Their Products','Dairy'),
('Canola oil',0.0,0.0,100.0,884,'Fats & Oils','Fats'),
('Peanut oil',0.0,0.0,100.0,884,'Fats & Oils','Fats'),
('Agave nectar',0.0,76.4,0.0,310,'Sweeteners','Sugars'),
('Salt',0.0,0.0,0.0,0,'Spices & Essential Oils','Seasonings'),
('Paprika',14.1,50.0,12.0,282,'Spices & Essential Oils','Seasonings'),
('Turmeric',7.83,67.14,9.88,354,'Spices & Essential Oils','Seasonings'),
('Nutmeg',5.8,49.29,36.31,525,'Spices & Essential Oils','Seasonings'),
('Vanilla extract',0.0,65.0,15.0,288,'Spices & Essential Oils','Seasonings'),
('Coffee (brewed)',0.1,0.0,0.3,2,'Various drinks','Beverages'),
('Coffee',0.1,0.0,0.3,2,'Various drinks','Beverages'),
('Orange juice',0.7,8.2,0.2,45,'Various drinks','Beverages'),
('Asparagus',2.2,3.9,0.2,20,'Various foods of plant origin','Vegan'),
('Cauliflower',1.9,4.9,0.3,25,'Various foods of plant origin','Vegan'),
('Brussels sprouts',3.4,8.9,0.3,43,'Various foods of plant origin','Vegan'),
('Zucchini',1.2,3.1,0.3,17,'Various foods of plant origin','Vegan'),
('Bell peppers',1.3,6.0,0.3,31,'Various foods of plant origin','Vegan'),
('Celery',0.7,2.9,0.2,14,'Various foods of plant origin','Vegan'),
('Romaine lettuce',1.2,2.9,0.2,17,'Various foods of plant origin','Vegan'),
('Kale',2.9,8.8,1.4,49,'Various foods of plant origin','Vegan'),
('Cabbage',1.3,6.0,0.1,25,'Various foods of plant origin','Vegan'),
('Blue cheese',21.0,2.3,28.7,353,'Milk, Eggs, & Their Products','Dairy'),
('Feta cheese',14.0,4.0,21.0,264,'Milk, Eggs, & Their Products','Dairy'),
('Ricotta cheese',11.3,3.2,13.1,174,'Milk, Eggs, & Their Products','Dairy'),
('Parmesan cheese',38.9,1.3,27.8,392,'Milk, Eggs, & Their Products','Dairy'),
('Brie cheese',20.0,0.5,27.7,334,'Milk, Eggs, & Their Products','Dairy'),
('Gouda cheese',24.9,2.2,27.4,356,'Milk, Eggs, & Their Products','Dairy'),
('Swiss cheese',25.0,6.0,27.8,379,'Milk, Eggs, & Their Products','Dairy'),
('Canned tuna',29.0,0.0,7.0,196,'Fish & Their Products','Seafood'),
('Sardines',25.6,0.0,11.5,208,'Fish & Their Products','Seafood'),
('Anchovies',29.0,0.0,13.0,210,'Fish & Their Products','Seafood'),
('Lemonade',0.0,8.0,0.0,31,'Various drinks','Beverages'),
('Coconut water',0.7,3.7,0.2,19,'Various drinks','Beverages'),
('White wine',0.7,2.6,0.0,82,'Various drinks','Beverages'),
('Shallot',2.5,12.7,0.1,72,'Various foods of plant origin','Seasonings'),
('Sweetened condensed milk',7.91,54.4,8.6,321,'Milk, Eggs, & Their Products','Dairy'),
('Vegetable oil',0.0,0.0,100.0,900,'Fats & Oils','Fats'),
('Bay leaves',7.6,74.0,8.4,313,'Various foods of plant origin','Seasonings'),
('Beef broth',2.2,0.5,0.3,12,'Meat & Its Products','Meat'),
('Beef ribs',20.9,0.0,20.4,282,'Meat & Its Products','Meat'),
('Black beans',21.6,62.4,0.9,333,'Various foods of plant origin','Vegan'),
('Chimichurri sauce',3.8,5.7,52.6,516,'Various foods of plant origin','Seasonings'),
('Chocolate sprinkles',4.7,84.0,5.3,400,'Various foods of plant origin','Sugars'),
('Chorizo sausage',23.0,1.8,36.0,455,'Meat & Its Products','Meat'),
('Clams',24.0,3.6,1.3,137,'Fish & Their Products','Seafood'),
('Cocoa powder',19.0,57.0,14.0,380,'Various foods of plant origin','Seasonings'),
('Coriander',2.1,21.0,2.1,97,'Various foods of plant origin','Seasonings'),
('Cumin',17.8,22.3,22.3,375,'Various foods of plant origin','Seasonings'),
('Galangal',0.0,19.8,0.2,77,'Various foods of plant origin','Seasonings'),
('Instant yeast',47.0,48.0,5.0,460,'Various foods of plant origin','Seasonings'),
('Kaffir',1.8,17.7,0.7,80,'Various foods of plant origin','Seasonings'),
('Kecap manis',4.0,50.0,0.0,233,'Various foods of plant origin','Seasonings'),
('Onion',1.1,9.3,0.1,40,'Various foods of plant origin','Seasonings'),
('Orange',1.2,8.3,0.2,43,'Various foods of plant origin','Seasonings'),
('Paella rice',8.0,77.0,1.0,350,'Cereals and their products','Grains'),
('Powdered sugar',0.0,100.0,0.0,400,'Various foods of plant origin','Sugars'),
('Red bell pepper',1.3,6.0,0.2,31,'Various foods of plant origin','Seasonings'),
('Red wine',0.1,2.6,0.0,85,'Various drinks','Beverages'),
('Red wine vinegar',0.0,0.0,0.0,19,'Various foods of plant origin','Seasonings'),
('Phyllo dough',8.0,49.0,2.0,299,'Cereals and their products','Grains'),
('Broccoli florets',2.8,6.6,0.4,34,'Various foods of plant origin','Vegan'),
('Pine nuts',13.0,4.0,68.0,673,'Various foods of plant origin','Vegan'),
('Chocolate chips',4.3,65.0,24.0,536,'Various foods of plant origin','Vegan'),
('Green beans',1.8,7.0,0.2,31,'Various foods of plant origin','Vegan'),
('Ketchup',1.2,23.0,0.1,97,'Various foods of plant origin','Vegan'),
('Fresh thyme',1.6,24.0,1.7,101,'Spices & Essential Oils','Seasonings'),
('Bacon',12.0,0.1,42.0,417,'Meat & Its Products','Meat'),
('Mushroom',3.1,3.3,0.3,22,'Various foods of plant origin','Vegan'),
('Guacamole',2.0,8.5,23.0,200,'Various foods of plant origin','Vegan'),
('Mayonnaise',1.1,6.4,75.0,680,'Various foods of plant origin','Vegan'),
('Garam masala',13.0,64.0,10.0,341,'Spices & Essential Oils','Seasonings'),
('Pizza dough',9.0,46.0,7.0,274,'Cereals and their products','Grains'),
('Coriander seeds',12.4,54.99,17.77,298,'Spices & Essential Oils','Seasonings'),
('Wide rice noodles',2.0,25.0,1.0,113,'Cereals and their products','Grains'),
('Nori seaweed sheets',50.0,33.0,3.0,323,'Various foods of plant origin','Vegan'),
('Ground cinnamon',3.99,80.59,10.58,261,'Spices & Essential Oils','Seasonings'),
('Sesame oil',0.0,0.0,100.0,884,'Fats & Oils','Fats'),
('Bell pepper',1.3,6.0,0.2,31,'Various foods of plant origin','Vegan'),
('Fettuccine pasta',12.0,72.0,1.5,348,'Cereals and their products','Grains'),
('Sushi grade fish',24.0,0.0,10.0,174,'Fish & Their Products','Seafood'),
('White sugar',0.0,100.0,0.0,387,'Sweeteners','Sugars'),
('Flour',10.0,73.0,1.3,364,'Cereals and their products','Grains'),
('Lemon juice',0.4,3.0,0.0,12,'Various foods of plant origin','Vegan'),
('Soy sauce',9.6,6.5,0.0,60,'Various foods of plant origin','Vegan'),
('Croissants',7.0,43.0,21.0,406,'Cereals and their products','Grains'),
('Lime wedges',0.3,11.0,0.3,30,'Various foods of plant origin','Vegan'),
('Ground beef',20.0,0.0,18.0,250,'Meat & Its Products','Meat'),
('Prosciutto slices',27.0,0.5,10.0,241,'Meat & Its Products','Meat'),
('Green onions',1.9,7.3,0.2,32,'Various foods of plant origin','Vegan'),
('Lettuce',1.4,2.9,0.2,15,'Various foods of plant origin','Vegan'),
('Pie crust',5.0,48.0,28.0,457,'Cereals and their products','Grains'),
('Crusty bread',8.0,49.0,2.0,299,'Cereals and their products','Grains'),
('Dashi stock',4.0,8.0,1.0,38,'Various foods of plant origin','Vegan'),
('Worcestershire sauce',0.2,17.0,0.1,66,'Various foods of plant origin','Vegan'),
('Gruyère cheese',29.0,0.0,32.0,413,'Milk, Eggs, & Their Products','Dairy'),
('White vinegar',0.0,0.1,0.0,4,'Various foods of plant origin','Vegan'),
('Active dry yeast',42.0,29.0,7.0,320,'Various foods of plant origin','Vegan'),
('Croutons',10.0,51.0,7.0,390,'Various foods of plant origin','Vegan'),
('Baking powder',0.0,28.0,0.0,107,'Various foods of plant origin','Vegan'),
('Cream cheese',6.2,4.1,34.0,342,'Milk, Eggs, & Their Products','Dairy'),
('Enchilada sauce',1.7,8.5,1.3,51,'Various foods of plant origin','Vegan'),
('White mushrooms',3.1,3.3,0.3,22,'Various foods of plant origin','Vegan'),
('Egg',12.6,1.1,9.5,143,'Milk, Eggs, & Their Products','Dairy'),
('Gyro meat',17.0,1.5,21.0,253,'Meat & Its Products','Meat'),
('Cheese',25.0,1.3,33.0,402,'Milk, Eggs, & Their Products','Dairy'),
('Fried shallots',6.0,42.0,25.0,505,'Various foods of plant origin','Vegan'),
('Thyme',1.6,24.0,1.7,101,'Spices & Essential Oils','Seasonings'),
('Tomato',0.9,3.9,0.2,18,'Various foods of plant origin','Vegan'),
('Tortillas',9.0,48.0,2.0,297,'Cereals and their products','Grains'),
('Cucumber',0.6,3.6,0.1,15,'Various foods of plant origin','Vegan'),
('Fresh basil leaves',3.2,2.7,0.6,23,'Various foods of plant origin','Vegan'),
('Red onion',1.1,9.3,0.1,40,'Various foods of plant origin','Vegan'),
('Eggplant',0.98,5.88,0.18,24,'Various foods of plant origin','Vegan'),
('Boiling water',0.0,0.0,0.0,0,'Various drinks','Beverages'),
('Prunes',2.2,63.88,0.38,240,'Various foods of plant origin','Vegan'),
('Caesar dressing',1.2,2.4,50.0,500,'Various foods of plant origin','Vegan'),
('Yogurt',10.0,3.6,3.3,59,'Milk, Eggs, & Their Products','Dairy'),
('Parsley',3.0,33.0,0.8,203,'Various foods of plant origin','Vegan'),
('Confectioners sugar',0.0,100.0,0.0,389,'Sweeteners','Sugars'),
('Shallots',2.5,12.5,0.1,72,'Various foods of plant origin','Vegan'),
('Saffron threads',11.43,65.37,5.85,310,'Spices & Essential Oils','Seasonings'),
('Lemongrass',1.8,25.0,0.5,99,'Various foods of plant origin','Vegan'),
('Espresso coffee',12.0,1.7,0.5,66,'Various drinks','Beverages'),
('Grilled chicken breast',31.0,0.0,3.6,165,'Meat & Its Products','Meat'),
('Fresh basil',3.2,2.7,0.6,23,'Various foods of plant origin','Vegan'),
('Linguine pasta',12.8,74.7,1.4,371,'Cereals and their products','Grains'),
('Fresh mozzarella cheese',22.0,2.2,22.0,280,'Milk, Eggs, & Their Products','Dairy'),
('Tzatziki sauce',1.9,3.6,5.5,62,'Various foods of plant origin','Vegan'),
('Smoked pork ribs',18.0,0.0,28.0,333,'Meat & Its Products','Meat'),
('Tomato paste',4.3,17.0,0.2,82,'Various foods of plant origin','Vegan'),
('Cilantro',3.3,3.7,0.6,23,'Various foods of plant origin','Vegan'),
('Graham cracker crumbs',4.5,71.0,14.0,438,'Cereals and their products','Grains'),
('Green olives',1.03,3.84,11.0,115,'Various foods of plant origin','Vegan'),
('Baguette',9.0,49.0,2.0,299,'Cereals and their products','Grains'),
('Tomato salsa',1.6,7.2,0.3,41,'Various foods of plant origin','Vegan'),
('Rice noodles',2.6,25.2,0.6,113,'Cereals and their products','Grains'),
('Taco seasoning',13.0,63.0,14.0,348,'Spices & Essential Oils','Seasonings'),
('Baking soda',0.0,100.0,0.0,0,'Various foods of plant origin','Vegan'),
('Fresh cilantro',2.1,2.1,0.5,23,'Various foods of plant origin','Vegan'),
('Mascarpone cheese',2.2,3.2,44.0,453,'Milk, Eggs, & Their Products','Dairy'),
('Flatbread',8.6,46.0,3.0,274,'Cereals and their products','Grains'),
('Mixed vegetables',2.5,7.0,0.3,37,'Various foods of plant origin','Vegan'),
('Corn tortillas',5.0,65.0,1.0,297,'Cereals and their products','Grains'),
('Cooked rice',2.4,28.0,0.3,130,'Cereals and their products','Grains'),
('Tahini sauce',20.0,18.0,54.0,595,'Various foods of plant origin','Vegan'),
('Red food coloring',0.0,0.0,0.0,0,'Various foods of plant origin','Vegan'),
('Ground turmeric',8.5,64.9,3.5,354,'Various foods of plant origin','Vegan'),
('Tomato sauce',1.2,7.8,0.3,39,'Various foods of plant origin','Vegan'),
('Yellow onions',1.1,9.3,0.1,40,'Various foods of plant origin','Vegan'),
('Chicken broth',6.0,1.0,1.0,31,'Various foods of plant origin','Vegan'),
('Cornstarch',0.3,91.3,0.1,381,'Various foods of plant origin','Vegan'),
('Ice water',0.0,0.0,0.0,0,'Various drinks','Beverages'),
('Capers',2.4,3.5,0.9,23,'Various foods of plant origin','Vegan'),
('Rum',0.0,0.0,0.0,231,'Various drinks','Beverages'),
('Lemon zest',1.5,3.0,0.3,29,'Various foods of plant origin','Vegan'),
('Beef tenderloin',20.0,0.0,8.0,147,'Meat & Its Products','Meat'),
('Hummus',7.0,14.0,30.0,300,'Various foods of plant origin','Vegan'),
('Key lime juice',0.4,2.4,0.0,11,'Various foods of plant origin','Vegan'),
('Sushi rice',2.2,79.0,0.3,357,'Cereals and their products','Grains'),
('Unsalted butter',0.9,0.1,81.0,717,'Fats & Oils','Fats'),
('Sesame seeds',17.0,23.0,50.0,573,'Various foods of plant origin','Vegan'),
('All-purpose flour',10.0,73.0,1.3,364,'Cereals and their products','Grains'),
('Jalapeño peppers',0.9,6.0,0.2,27,'Various foods of plant origin','Vegan'),
('Cumin seeds',17.0,22.0,23.0,375,'Various foods of plant origin','Vegan'),
('Falafel',13.0,14.0,24.0,333,'Various foods of plant origin','Vegan'),
('Bean sprouts',3.2,5.8,0.1,31,'Various foods of plant origin','Vegan'),
('Rice vinegar',0.0,0.1,0.0,2,'Various foods of plant origin','Vegan'),
('Balsamic',0.5,17.0,0.0,88,'Various foods of plant origin','Vegan'),
('Fresh parsley',3.0,33.0,0.8,203,'Various foods of plant origin','Vegan'),
('Smoked sausage (linguiça)',22.0,2.0,23.0,303,'Meat & Its Products','Meat'),
('Wakame seaweed',3.0,9.0,0.5,45,'Various foods of plant origin','Vegan'),
('Egg noodles',11.0,64.0,3.0,356,'Cereals and their products','Grains'),
('Dill pickles',0.9,3.1,0.2,11,'Various foods of plant origin','Vegan'),
('Water',0.0,0.0,0.0,0,'Various drinks','Beverages'),
('Dill',3.46,6.96,0.5,43,'Various foods of plant origin','Vegan'),
('Frozen peas',5.4,14.5,0.4,81,'Various foods of plant origin','Vegan'),
('Yellow bell pepper',1.3,6.0,0.2,31,'Various foods of plant origin','Vegan'),
('Brown sugar',0.0,100.0,0.0,380,'Sweeteners','Sugars'),
('Pickled ginger',0.8,10.8,0.5,46,'Various foods of plant origin','Vegan'),
('Miso paste',12.0,25.0,6.0,198,'Various foods of plant origin','Vegan'),
('Spaghetti pasta',12.6,71.7,1.3,371,'Cereals and their products','Grains'),
('Peanuts',25.8,16.1,49.2,567,'Various foods of plant origin','Vegan'),
('Ladyfingers',7.8,29.4,10.4,243,'Cereals and their products','Grains'),
('Arborio rice',7.0,75.0,1.0,354,'Cereals and their products','Grains'),
('Refried beans',7.4,14.5,2.3,115,'Various foods of plant origin','Vegan'),
('Crab sticks',7.0,14.0,1.0,90,'Various foods of plant origin','Vegan'),
('Shrimp paste',25.0,0.0,14.0,200,'Fish & Their Products','Seafood'),
('Green peas',5.4,14.5,0.4,81,'Various foods of plant origin','Vegan'),
('Dijon mustard',5.6,6.6,8.3,66,'Various foods of plant origin','Vegan'),
('Grated Parmesan cheese',38.0,2.0,28.0,420,'Milk, Eggs, & Their Products','Dairy'),
('Pork belly',13.0,0.0,42.0,457,'Meat & Its Products','Meat'),
('Oyster sauce',0.4,11.0,0.0,47,'Various foods of plant origin','Vegan'),
('Wasabi paste',5.4,14.5,0.4,81,'Various foods of plant origin','Vegan'),
('Dry white wine',0.1,0.8,0.0,82,'Various drinks','Beverages'),
('Cinnamon sugar',0.9,99.1,0.1,389,'Sweeteners','Sugars'),
('Beef sirloin',20.0,0.0,8.0,147,'Meat & Its Products','Meat'),
('Farofa',2.9,80.6,6.1,371,'Cereals and their products','Grains'),
('Salsa',1.1,6.4,0.1,30,'Various foods of plant origin','Vegan'),
('Cherry tomatoes',0.9,3.9,0.2,18,'Various foods of plant origin','Vegan'),
('Chicken breasts',31.0,0.0,3.6,165,'Meat & Its Products','Meat'),
('Frozen corn',2.7,18.7,1.1,86,'Various foods of plant origin','Vegan'),
('Ground cumin',17.0,22.0,23.0,375,'Various foods of plant origin','Vegan'),
('Dark chocolate',5.0,60.0,30.0,550,'Various foods of plant origin','Vegan'),
('White pepper',10.4,64.8,3.3,364,'Various foods of plant origin','Vegan'),
('Buttermilk',3.3,4.8,3.3,98,'Milk, Eggs, & Their Products','Dairy'),
('Beef chuck roast',20.0,0.0,16.0,250,'Meat & Its Products','Meat'),
('Turmeric powder',7.8,64.9,3.5,354,'Various foods of plant origin','Vegan'),
('Flour tortillas',8.0,50.0,8.0,300,'Cereals and their products','Grains'),
('Ham slices',16.0,0.5,12.0,195,'Meat & Its Products','Meat'),
('Carrot',0.6,9.6,0.3,41,'Various foods of plant origin','Vegan'),
('Hard-boiled eggs',13.0,1.1,10.0,155,'Milk, Eggs, & Their Products','Dairy'),
('Red pepper flakes',14.0,73.0,16.0,343,'Spices & Essential Oils','Seasonings'),
('Milk',3.2,4.8,3.3,61,'Milk, Eggs, & Their Products','Dairy'),
('Raisins',2.5,79.0,0.5,299,'Various foods of plant origin','Vegan'),
('Demerara sugar',0.0,100.0,0.0,380,'Sweeteners','Sugars'),
('Lime zest',0.8,3.1,0.3,23,'Various foods of plant origin','Vegan'),
('Sour cream',2.9,4.1,21.0,193,'Milk, Eggs, & Their Products','Dairy'),
('Bread slices',9.0,49.0,2.0,299,'Cereals and their products','Grains'),
('Granulated sugar',0.0,100.0,0.0,387,'Sweeteners','Sugars'),
('Puff pastry',6.0,49.0,29.0,466,'Cereals and their products','Grains'),
('Chicken or vegetable broth',1.0,0.5,0.2,12,'Various foods of plant origin','Vegan'),
('Pita bread',9.0,49.0,2.0,299,'Cereals and their products','Grains'),
('Heavy cream',2.8,3.4,36.0,345,'Milk, Eggs, & Their Products','Dairy');

INSERT INTO labels VALUES
(1,'Brunch'),
(2,'Cold Dish'),
(3,'Dinner'),
(4,'Dessert'),
(5,'Quick-lunch'),
(6,'Breakfast'),
(7,'Lunch');

INSERT INTO meal_type VALUES
('Brunch'),
('Dinner'),
('Snack'),
('Breakfast'),
('Lunch');
select * from meal_type;

INSERT INTO recipies(name,type,difficulty,description,portions,base_ingredient,nationality) VALUES
('Fluffy Pancakes','cookery',1,'light and airy pancakes perfect for breakfast',4,'flour','American cuisine'),
('Spinach and Feta Quiche','cookery',3,'a savory pie filled with spinach and feta cheese',6,'eggs','French cuisine'),
('Beef Wellington','cookery',4,'a decadent pastry-wrapped beef tenderloin with mushroom duxelles',4,'beef','British cuisine'),
('Chocolate Chip Cookies','pastry',2,'classic cookies loaded with chocolate chips',12,'butter','American cuisine'),
('Chicken Pad Thai','cookery',3,'a flavorful stir-fried noodle dish with chicken and peanuts',4,'chicken','Thai cuisine'),
('Croissant','pastry',4,'flaky and buttery French pastry',8,'butter','French cuisine'),
('Tiramisu','pastry',3,'an elegant Italian dessert made with layers of coffee-soaked ladyfingers and mascarpone cheese',8,'coffee','Italian cuisine'),
('Sushi Rolls','cookery',4,'assorted sushi rolls with fresh fish and vegetables',6,'rice','Japanese cuisine'),
('Spanakopita','cookery',3,'a Greek spinach and feta cheese pie wrapped in flaky phyllo pastry',6,'spinach','Greek cuisine'),
('Baklava','pastry',5,'a rich and sweet dessert pastry made of layers of filo filled with chopped nuts and sweetened with honey',12,'peanuts','Turkish cuisine'),
('Omelette','cookery',2,'a fluffy egg dish filled with assorted ingredients',2,'eggs','French cuisine'),
('Margherita Pizza','cookery',2,'a classic pizza topped with tomato sauce mozzarella and basil',4,'flour','Italian cuisine'),
('Chicken Caesar Salad','cookery',2,'a refreshing salad with grilled chicken, romain lettuce and Caesar dressing',2,'chicken','American cuisine'),
('Apple Pie','pastry',3,'a traditional pie filled with cinnamon-spiced apples',8,'apples','American cuisine'),
('Beef Stir-Fry','cookery',2,'a quick and flavorful dish with thinly sliced beef and vegetables',4,'beef','Chinese cuisine'),
('Chocolate Cake','pastry',3,'a rich and moist cake topped with chocolate frosting',8,'chocolate chips','American cuisine'),
('Falafel','cookery',3,'deep-fried chickpea patties served in pita bread with tahini sauce',4,'chickpeas','Middle Eastern cuisine'),
('Lemon Bars','pastry',2,'tangy lemon bars with a buttery shortbread crust',12,'lemon juice','American cuisine'),
('Shrimp Scampi','cookery',3,'succulent shrimp sautéed in garlic butter and served over pasta',4,'shrimp','Italian cuisine'),
('Beef Tacos','cookery',2,'seasoned ground beef served in corn tortillas with toppings',4,'beef','Mexican cuisine'),
('Croque Monsieur','cookery',3,'a classic French ham and cheese sandwich topped with béchamel sauce',2,'ham slices','French cuisine'),
('Chicken Enchiladas','cookery',3,'shredded chicken wrapped in corn tortillas and topped with enchilada sauce and cheese',4,'chicken','Mexican cuisine'),
('Blueberry Muffins','pastry',2,'moist muffins bursting with fresh blueberries',12,'blueberries','American cuisine'),
('Pad See Ew','cookery',3,'a Thai stir-fried noodle dish with chicken, broccoli and soy sauce',4,'chicken','Thai cuisine'),
('Shepherds Pie','cookery',3,'a comforting casserole with ground meat and mashed potatoes',6,'beef','British cuisine'),
('Tuna Salad Sandwich','cookery',1,'a simple sandwich made with canned tuna, mayonnaise and vegetables',2,'tuna','American cuisine'),
('Miso Soup','cookery',1,'a traditional Japanese soup made with dashi broth and miso paste',4,'tofu','Japanese cuisine'),
('Key Lime Pie','pastry',3,'a tangy pie made with key lime juice and a graham cracker crust',8,'lime zest','American cuisine'),
('Chicken Tikka Masala','cookery',3,'marinated and grilled chicken in a creamy tomato sauce',4,'chicken','Indian cuisine'),
('Beef Bourguignon','cookery',4,'a hearty French stew made with beef',6,'beef','French cuisine'),
('Cheese Soufflé','cookery',4,'a light and airy baked dish made with cheese and eggs',4,'cheese','French cuisine'),
('Scones','pastry',2,'tender and buttery British pastries often served with jam and clotted cream',8,'flour','British cuisine'),
('Caprese Salad','cookery',1,'a simple Italian salad with fresh tomatoes, mozzarella and basil',2,'tomato','Italian cuisine'),
('Beef Bulgogi','cookery',3,'Korean marinated beef grilled to perfection',4,'beef','Korean cuisine'),
('Chicken Noodle Soup','cookery',2,'a comforting soup with chicken, noodles and vegetables',6,'chicken','American cuisine'),
('Chocolate Truffles','pastry',3,'indulgent chocolate confections rolled in cocoa powder or nuts',20,'chocolate chips','French cuisine'),
('Huevos Rancheros','cookery',2,'a Mexican breakfast dish with fried eggs, tortillas, and salsa',2,'eggs','Mexican cuisine'),
('Ratatouille','cookery',3,'a French vegetable stew made with eggplant, tomatoes and zucchini',6,'eggplant','French cuisine'),
('Falafel Wrap','cookery',2,'crispy falafel balls wrapped in pita bread with lettuce, tomatoes and tahini sauce',2,'chickpeas','Middle Eastern cuisine'),
('Lemon Chicken Piccata','cookery',3,'tender chicken breasts in a tangy lemon and caper sauce',4,'chicken','Italian cuisine'),
('Vegetable Stir-Fry','cookery',2,'a colorful mix of vegetables stir-fried in a savory sauce',4,'vegetable oil','Asian cuisine'),
('Chicken Alfredo','cookery',2,'creamy pasta with grilled chicken and Parmesan cheese',4,'chicken','Italian cuisine'),
('Croissant Bread Pudding','pastry',3,'a decadent dessert made with croissants, custard and raisins',8,'cheese','French cuisine'),
('Spaghetti Carbonara','cookery',2,'pasta with a creamy sauce made from eggs, cheese, pancetta and black pepper',4,'pasta','Italian cuisine'),
('Chicken Shawarma','cookery',3,'marinated grilled chicken served in pita bread with garlic sauce and vegetables',4,'chicken','Middle Eastern cuisine'),
('Red Velvet Cake','pastry',3,'a moist and velvety cake with a rich cream cheese frosting',12,'cocoa powder','American cuisine'),
('Margherita Flatbread','cookery',2,'a simple flatbread topped with tomato sauce, mozzarella and basil',2,'flour','Italian cuisine'),
('Gyro Wrap','cookery',3,'thinly sliced lamb or chicken wrapped in pita bread with tzatziki sauce and vegetables',2,'chicken','Greek cuisine'),
('Pesto Pasta','cookery',2,'pasta tossed in a vibrant basil pesto sauce',4,'pasta','Italian cuisine'),
('Chicken Caesar Wrap','cookery',2,'grilled chicken, romain lettuce and Caesar dressing wrapped in a tortilla',2,'chicken','American cuisine'),
('Mushroom Risotto','cookery',3,'creamy Italian rice dish cooked with mushrooms, onions and Parmesan cheese',4,'rice','Italian cuisine'),
('Avocado Toast','cookery',1,'toasted bread topped with mashed avocado, salt and pepper',2,'avocado','American cuisine'),
('Chicken Quesadilla','cookery',2,'tortillas filled with grilled chicken, cheese and vegies',2,'chicken','Mexican cuisine'),
('French Onion Soup','cookery',3,'a comforting soup made with caramelized onions and beef broth',4,'onion','French cuisine'),
('Lemon Ricotta Pancakes','cookery',2,'fluffy pancakes made with ricotta cheese and fresh lemon zest',4,'ricotta cheese','American cuisine'),
('Pão de Ló','pastry',3,'A light and airy sponge cake made with just eggs, sugar and flour',8,'eggs','Portuguese cuisine'),
('Ameijoas à Bulhão Pato','cookery',2,'A simple and flavorful dish of clams cooked in a garlic, olive oil and cilantro sauce',4,'clams','Portuguese cuisine'),
('Queijadas de Sintra','pastry',3,'Small, sweet and moist cheese tarts from Sintra',12,'cheese','Portuguese cuisine'),
('Nasi Goreng','cookery',2,'A fried rice dish seasoned with sweet soy sauce mixed with vegetables, eggs and often chicken or shrimp',4,'rice','Indonesian cuisine'),
('Sate Ayam','cookery',3,'Grilled chicken skewers marinated in a mix of spices and served with a rich spicy peanut sauce',4,'chicken','Indonesian cuisine'),
('Babi Guling','cookery',5,'A traditional Balinese dish of whole roasted pig marinated and slow-roasted',10,'pork belly','Indonesian cuisine'),
('Paella','cookery',4,'A traditional rice dish made with a  mix of seafood, chicken, rabbit and vegetables',6,'rice','Spanish cuisine'),
('Churros','pastry',3,'Deep-fried dough pastries',12,'flour','Spanish cuisine'),
('Asado','cookery',4,'The quintessential Argentinian barbecue featuring a variety of grilled meats cooked over an open flame or grill',6,'beef','Argentinian cuisine'),
('Empanadas','pastry',3,'Savory turnovers filled with a variety of ingredients such as beef, chicken or cheese and onions',12,'flour','Argentinian cuisine'),
('Feijoada','cookery',4,'A hearty black bean stew with a variety of pork cuts served with rice collard green and orange slices',6,'banullas','Brazilian cuisine'),
('Brigadeiro','pastry',2,'A classic Brazilian sweet made with condensed milk, cocoa, butter and chocolate sprinkles',20,'cocoa powder','Brazilian cuisine'),
('Pašticada','cookery',4,'A traditional Dalmatian beef stew slow-cooked with red wine, vinegar, prunes and spices',6,'beef','Croatian cuisine'),
('Fritule','pastry',2,'Small, fried dough balls flavored with citrus zest and sometimes raisins',20,'flour','Croatian cuisine');

INSERT INTO steps VALUES
(1,'Gather ingredients',5,'prep'),
(2,'Preheat griddle or skillet',5,'prep'),
(3,'Grease griddle or skillet',2,'prep'),
(4,'Sift dry ingredients (flour, sugar, baking powder, salt) into a bowl',5,'prep'),
(5,'In a separate bowl, whisk together wet ingredients (eggs, milk, melted butter)',5,'prep'),
(6,'Create a well in the center of the dry ingredients and pour in the wet ingredients',2,'prep'),
(7,'Gently fold wet and dry ingredients until just combined',3,'prep'),
(8,'Let batter rest for 5-10 minutes to allow gluten to relax',10,'prep'),
(9,'Heat griddle or skillet over medium heat',5,'cook'),
(10,'Ladle batter onto the griddle or skillet, using about 1/4 cup per pancake',2,'cook'),
(11,'Cook until bubbles form on the surface of the pancakes and the edges look set, about 2-3 minutes',3,'cook'),
(12,'Flip pancakes and cook until golden brown on the other side, about 2-3 minutes',3,'cook'),
(13,'Transfer cooked pancakes to a plate and keep warm while cooking remaining batter',5,'cook'),
(14,'Preheat oven to 375°F (190°C)',5,'prep'),
(15,'Prepare pie crust in a 9-inch (23 cm) pie dish',10,'prep'),
(16,'Heat olive oil in a skillet over medium heat',2,'cook'),
(17,'Add chopped onion and cook until softened, about 5 minutes',5,'cook'),
(18,'Add chopped spinach to the skillet and cook until wilted, about 3 minutes',3,'cook'),
(19,'In a large bowl, whisk together eggs, milk, salt, and pepper',5,'prep'),
(20,'Stir in crumbled feta cheese',2,'prep'),
(21,'Add cooked spinach mixture to the egg mixture and stir to combine',3,'prep'),
(22,'Pour the mixture into the prepared pie crust',2,'prep'),
(23,'Bake in the preheated oven until the quiche is set and the crust is golden brown, about 35-40 minutes',35,'cook'),
(24,'Allow the quiche to cool for a few minutes before slicing and serving',5,'prep'),
(25,'Prepare the beef tenderloin by trimming excess fat and tying with kitchen twine, if necessary',15,'prep'),
(26,'Season the beef generously with salt and pepper',5,'prep'),
(27,'Heat olive oil in a skillet over high heat',2,'cook'),
(28,'Sear the beef on all sides until browned, about 2 minutes per side',8,'cook'),
(29,'Remove the beef from the skillet and let it cool completely',10,'prep'),
(30,'Prepare the mushroom duxelles by finely chopping mushrooms, shallots, and garlic',10,'prep'),
(31,'Cook the mushroom mixture in the same skillet used for searing the beef until the moisture evaporates',10,'cook'),
(32,'Roll out puff pastry on a floured surface to a size large enough to wrap the beef',10,'prep'),
(33,'Spread a layer of pâté or mustard onto the puff pastry',1,'prep'),
(34,'Preheat the oven to 350°F (175°C)',10,'prep'),
(35,'In a large mixing bowl, cream together softened butter, granulated sugar, and brown sugar until light and fluffy',10,'prep'),
(36,'Beat in eggs and vanilla extract until well combined',5,'prep'),
(37,'In a separate bowl, whisk together flour, baking soda, and salt',5,'prep'),
(38,'Gradually add the dry ingredients to the wet ingredients, mixing until just combined',5,'prep'),
(39,'Fold in chocolate chips until evenly distributed throughout the dough',5,'prep'),
(40,'Drop rounded tablespoons of dough onto ungreased baking sheets',5,'prep'),
(41,'Bake in the preheated oven for 8-10 minutes, or until the edges are golden brown',10,'cook'),
(42,'Soak rice noodles in warm water for 30 minutes',30,'prep'),
(43,'Heat oil in a wok or large skillet over medium-high heat',5,'prep'),
(44,'Add minced garlic and chopped shallots, cook until fragrant',2,'cook'),
(45,'Add diced chicken breast, cook until no longer pink',8,'cook'),
(46,'Push chicken to one side of the wok, crack eggs into the empty space',2,'cook'),
(47,'Scramble eggs until cooked through, then mix with chicken',3,'cook'),
(48,'Drain soaked rice noodles and add them to the wok',1,'prep'),
(49,'Pour in pad Thai sauce and toss until noodles are evenly coated',2,'prep'),
(50,'Add bean sprouts, sliced green onions, and chopped peanuts',3,'prep'),
(51,'Stir-fry until bean sprouts are tender but still crisp',5,'cook'),
(52,'Serve hot with lime wedges and additional peanuts on top',1,'prep'),
(53,'Prepare the dough by mixing flour, yeast, sugar, salt, and water in a large bowl',15,'prep'),
(54,'Knead the dough until smooth and elastic',10,'prep'),
(55,'Roll out the dough into a large rectangle on a floured surface',10,'prep'),
(56,'Spread softened butter over two-thirds of the dough rectangle',5,'prep'),
(57,'Fold the unbuttered third over the middle third, then fold the remaining third on top to create layers',5,'prep'),
(58,'Wrap the dough in plastic wrap and refrigerate for 30 minutes',30,'prep'),
(59,'Remove the dough from the refrigerator and roll it out again into a large rectangle',5,'prep'),
(60,'Repeat the folding process (steps 4-5) two more times, chilling the dough for 30 minutes between each fold',120,'prep'),
(61,'After the final fold, wrap the dough and refrigerate overnight',480,'prep'),
(62,'The next day, roll out the dough into a large rectangle about 1/4 inch thick',10,'prep'),
(63,'Cut the dough into triangles and roll each triangle into a croissant shape',15,'prep'),
(64,'Place the shaped croissants on a baking sheet lined with parchment paper',5,'prep'),
(65,'Let the croissants proof at room temperature for 2-3 hours, until doubled in size',180,'prep'),
(66,'Preheat the oven to 375°F (190°C)',10,'prep'),
(67,'Brush the proofed croissants with egg wash',5,'prep'),
(68,'Bake the croissants in the preheated oven for 15-20 minutes, until golden brown',20,'cook'),
(69,'Allow the croissants to cool slightly before serving',10,'prep'),
(70,'Beat egg yolks and sugar until pale and creamy',5,'prep'),
(71,'Mix in mascarpone cheese until smooth',5,'prep'),
(72,'Whip egg whites until stiff peaks form, then fold into mascarpone mixture',10,'prep'),
(73,'Dip ladyfingers in coffee and arrange in a single layer in a dish',10,'prep'),
(74,'Spread half of the mascarpone mixture over the ladyfingers',5,'prep'),
(75,'Repeat layers with remaining ladyfingers and mascarpone mixture',5,'prep'),
(76,'Dust the top with cocoa powder and refrigerate for at least 4 hours or overnight',240,'prep'),
(77,'Cook sushi rice according to package instructions and let it cool',30,'prep'),
(78,'Lay a sheet of nori on a bamboo sushi mat',5,'prep'),
(79,'Spread rice over the nori, leaving a 1-inch border at the top',5,'prep'),
(80,'Arrange fillings (such as cucumber, avocado, and crab sticks) in a line across the center of the rice',10,'prep'),
(81,'Roll the sushi tightly using the bamboo mat, then slice into pieces',15,'prep'),
(82,'Prepare the filling by wilting spinach and mixing it with feta cheese, onions, and herbs',15,'prep'),
(83,'Melt butter and brush phyllo pastry sheets with melted butter',10,'prep'),
(84,'Layer phyllo sheets with the spinach and cheese mixture',10,'prep'),
(85,'Fold and roll the phyllo sheets into a log shape',5,'prep'),
(86,'Brush the top with more butter and bake until golden brown',30,'cook'),
(88,'Layer phyllo pastry sheets in a baking dish, brushing each layer with melted butter',20,'prep'),
(89,'Mix chopped nuts with sugar and spices, then spread over the phyllo layers',10,'prep'),
(90,'Continue layering phyllo and nuts until all ingredients are used',20,'prep'),
(91,'Cut the baklava into diamond or square shapes',5,'prep'),
(92,'Bake for 45 minutes to 1 hour, until golden brown',60,'cook'),
(93,'Beat eggs with a splash of milk, salt, and pepper',5,'prep'),
(94,'Heat butter in a skillet over medium heat until melted',2,'prep'),
(95,'Pour the egg mixture into the skillet and let it cook undisturbed until the edges are set',3,'cook'),
(96,'Gently lift the edges of the omelette and tilt the skillet to let the uncooked eggs flow underneath',3,'cook'),
(97,'Add fillings (such as cheese, vegetables, or ham) to one half of the omelette',2,'prep'),
(98,'Fold the other half of the omelette over the fillings and cook for another minute',2,'cook'),
(99,'Preheat the oven and pizza stone to the highest temperature possible',30,'prep'),
(100,'Roll out pizza dough on a floured surface into a circle',10,'prep'),
(101,'Spread tomato sauce over the dough, leaving a border around the edges',5,'prep'),
(102,'Arrange sliced fresh mozzarella and basil leaves on top of the sauce',5,'prep'),
(103,'Drizzle olive oil over the pizza and sprinkle with salt',5,'prep'),
(104,'Transfer the pizza to the preheated pizza stone and bake until the crust is golden and the cheese is bubbly',10,'cook'),
(105,'Grill or bake chicken breasts until cooked through, then slice into strips',20,'cook'),
(106,'Prepare Caesar dressing by mixing mayonnaise, anchovy paste, garlic, lemon juice, and Parmesan cheese',10,'prep'),
(107,'Toss chopped romaine lettuce with Caesar dressing until evenly coated',5,'prep'),
(108,'Add croutons, grated Parmesan cheese, and sliced grilled chicken to the salad',5,'prep'),
(109,'Prepare pie crust by mixing flour, salt, and butter until crumbly, then adding ice water until dough forms',20,'prep'),
(110,'Roll out half of the dough and line a pie dish with it',10,'prep'),
(111,'Mix sliced apples with sugar, cinnamon, and lemon juice, then pour into the pie crust',15,'prep'),
(112,'Roll out the remaining dough and place it over the apples, sealing the edges',10,'prep'),
(113,'Cut slits in the top crust to vent steam, then brush with egg wash',5,'prep'),
(114,'Bake in a preheated oven until the crust is golden brown and the filling is bubbling',60,'cook'),
(115,'Slice beef thinly against the grain and marinate with soy sauce, garlic, and ginger',20,'prep'),
(116,'Heat oil in a wok or skillet over high heat',2,'prep'),
(117,'Stir-fry marinated beef until browned and cooked through',8,'cook'),
(118,'Add sliced vegetables (such as bell peppers, onions, and broccoli) to the wok and stir-fry until tender-crisp',10,'cook'),
(119,'Return the beef to the wok, add stir-fry sauce, and toss to combine',5,'cook'),
(120,'Preheat the oven to 350°F (175°C) and grease and flour cake pans',15,'prep'),
(121,'Mix together flour, cocoa powder, baking powder, baking soda, and salt in a bowl',10,'prep'),
(122,'Cream together butter and sugar until light and fluffy',10,'prep'),
(123,'Beat in eggs, one at a time, followed by vanilla extract',5,'prep'),
(124,'Alternate adding dry ingredients and milk to the batter, mixing until smooth',10,'prep'),
(125,'Divide the batter evenly between the cake pans and bake until a toothpick inserted into the center comes out clean',30,'cook'),
(126,'Let the cakes cool completely before frosting',60,'prep'),
(127,'Soak chickpeas in water overnight, then drain and rinse',1440,'prep'),
(128,'Combine soaked chickpeas, onion, garlic, parsley, cumin, coriander, and salt in a food processor',15,'prep'),
(129,'Process until the mixture forms a coarse paste',5,'prep'),
(130,'Shape the mixture into balls or patties',10,'prep'),
(131,'Fry the falafel in hot oil until golden brown and crispy',10,'cook'),
(132,'Preheat the oven to 350°F (175°C) and grease a baking dish',15,'prep'),
(133,'Mix together flour, sugar, and salt in a bowl',5,'prep'),
(134,'Cut in cold butter until the mixture resembles coarse crumbs',10,'prep'),
(135,'Press the mixture into the bottom of the prepared baking dish',5,'prep'),
(136,'Bake until golden brown, then remove from the oven and let cool slightly',30,'cook'),
(137,'Meanwhile, whisk together eggs, sugar, lemon juice, and lemon zest until smooth',10,'prep'),
(138,'Pour the lemon mixture over the baked crust and return to the oven',10,'prep'),
(139,'Bake until the filling is set, then let cool completely before cutting into bars',30,'cook'),
(140,'Cook pasta according to package instructions, then drain and set aside',10,'prep'),
(141,'Heat olive oil and butter in a skillet over medium heat',2,'prep'),
(142,'Add minced garlic and cook until fragrant',2,'cook'),
(143,'Add shrimp to the skillet and cook until pink and opaque',5,'cook'),
(144,'Stir in white wine, lemon juice, and red pepper flakes',3,'cook'),
(145,'Add cooked pasta to the skillet and toss to coat in the sauce',5,'prep'),
(146,'Serve hot, garnished with chopped parsley and grated Parmesan cheese',2,'prep'),
(147,'Season ground beef with taco seasoning and cook in a skillet until browned',10,'cook'),
(148,'Warm taco shells in the oven or microwave',5,'prep'),
(149,'Fill taco shells with cooked beef and desired toppings (such as lettuce, cheese, tomatoes, and salsa)',5,'prep'),
(150,'Serve hot, with lime wedges on the side',2,'prep'),
(152,'Spread Dijon mustard on slices of bread',5,'prep'),
(153,'Top half of the bread slices with sliced ham and grated Gruyère cheese',5,'prep'),
(154,'Cover with the remaining bread slices to make sandwiches',5,'prep'),
(155,'Spread butter on the outside of each sandwich',3,'prep'),
(156,'Place the sandwiches on a baking sheet and bake until golden brown and crispy',15,'cook'),
(157,'Cook chicken breasts until fully cooked, then shred with forks',20,'cook'),
(158,'Mix shredded chicken with enchilada sauce and diced green chilies',5,'prep'),
(159,'Warm corn tortillas in the microwave or on the stovetop',5,'prep'),
(160,'Spoon chicken mixture into each tortilla, roll up, and place seam-side down in a baking dish',10,'prep'),
(161,'Pour additional enchilada sauce over the top of the enchiladas',5,'prep'),
(162,'Sprinkle shredded cheese over the top and bake until cheese is melted and bubbly',20,'cook'),
(163,'Preheat the oven to 375°F (190°C) and line a muffin tin with paper liners',10,'prep'),
(164,'In a large bowl, whisk together flour, sugar, baking powder, and salt',5,'prep'),
(165,'In a separate bowl, mix together milk, oil, and eggs',5,'prep'),
(166,'Pour wet ingredients into dry ingredients and stir until just combined',5,'prep'),
(167,'Gently fold in fresh or frozen blueberries',5,'prep'),
(168,'Divide batter evenly among muffin cups and bake until golden brown and a toothpick inserted into the center comes out clean',20,'cook'),
(169,'Soak wide rice noodles in warm water for 30 minutes',30,'prep'),
(170,'Heat oil in a wok or large skillet over high heat',2,'prep'),
(171,'Add minced garlic and chopped Chinese broccoli stems, cook until fragrant',2,'cook'),
(172,'Add sliced chicken or tofu, cook until browned',8,'cook'),
(173,'Push chicken or tofu to one side of the wok, crack eggs into the empty space',2,'cook'),
(174,'Scramble eggs until cooked through, then mix with chicken or tofu',3,'cook'),
(176,'Pour in soy sauce, oyster sauce, and dark soy sauce, toss until noodles are evenly coated',3,'prep'),
(177,'Add Chinese broccoli leaves and stir-fry until wilted',5,'cook'),
(179,'Cook ground meat with onions, carrots, and peas until browned',15,'cook'),
(180,'Transfer the cooked meat mixture to a baking dish',2,'prep'),
(181,'Spread mashed potatoes over the top of the meat mixture',10,'prep'),
(182,'Bake in the preheated oven until the mashed potatoes are golden brown and the filling is bubbling',30,'cook'),
(183,'Drain canned tuna and flake it with a fork',5,'prep'),
(184,'Mix tuna with mayonnaise, diced celery, diced red onion, and chopped pickles',5,'prep'),
(185,'Season with salt, pepper, and lemon juice to taste',2,'prep'),
(186,'Spread tuna salad on bread slices and assemble sandwiches',5,'prep'),
(187,'Bring water or dashi stock to a simmer in a pot',5,'prep'),
(188,'Dissolve miso paste in a small amount of hot water, then add it to the pot',2,'prep'),
(189,'Add diced tofu, sliced green onions, and seaweed to the soup',5,'prep'),
(190,'Simmer for a few minutes until heated through',5,'cook'),
(192,'Mix together graham cracker crumbs, sugar, and melted butter',5,'prep'),
(193,'Press the crumb mixture into the bottom of a pie dish',5,'prep'),
(194,'Bake the crust until set, then let it cool completely',20,'cook'),
(195,'In a bowl, whisk together sweetened condensed milk, key lime juice, and egg yolks',10,'prep'),
(196,'Pour the filling into the cooled crust and bake until set',30,'cook'),
(197,'Let the pie cool, then refrigerate until chilled',120,'prep'),
(198,'Marinate chicken pieces in yogurt, lemon juice, and spices for 1 hour',60,'prep'),
(199,'Grill or broil chicken until cooked through',15,'cook'),
(200,'Heat oil in a skillet and sauté onions, garlic, and ginger until softened',5,'cook'),
(201,'Add tomato sauce, cream, and spices to the skillet',5,'prep'),
(202,'Simmer the sauce until thickened, then add cooked chicken',10,'cook'),
(203,'Serve hot with rice and naan bread',2,'prep'),
(204,'Preheat the oven to 325°F (160°C)',10,'prep'),
(205,'Sauté bacon in a Dutch oven until crispy, then remove and set aside',5,'cook'),
(206,'Brown beef cubes in batches in the bacon fat',10,'cook'),
(207,'Remove beef and sauté onions, carrots, and garlic until softened',5,'cook'),
(208,'Deglaze the pot with red wine, scraping up any browned bits',2,'cook'),
(209,'Return beef and bacon to the pot, add beef broth, tomato paste, and herbs',5,'prep'),
(210,'Cover and bake in the preheated oven until beef is tender',120,'cook'),
(212,'Butter a soufflé dish and coat with grated Parmesan cheese',5,'prep'),
(213,'Melt butter in a saucepan, then whisk in flour to make a roux',5,'prep'),
(214,'Gradually whisk in warm milk until smooth and thickened',10,'prep'),
(215,'Remove from heat and stir in grated cheese until melted',5,'prep'),
(216,'Beat egg yolks and fold into the cheese mixture',5,'prep'),
(217,'In a clean bowl, beat egg whites until stiff peaks form',10,'prep'),
(218,'Gently fold egg whites into the cheese mixture',5,'prep'),
(219,'Pour the mixture into the prepared soufflé dish and bake until puffed and golden',25,'cook'),
(220,'Preheat the oven to 400°F (200°C)',10,'prep'),
(221,'Mix together flour, sugar, baking powder, and salt in a bowl',5,'prep'),
(223,'Stir in dried fruit or chocolate chips, if desired',5,'prep'),
(224,'Beat together egg and milk, then add to the dry ingredients',5,'prep'),
(225,'Mix until just combined, then turn out onto a floured surface and knead briefly',5,'prep'),
(226,'Pat the dough into a circle and cut into wedges',5,'prep'),
(227,'Place scones on a baking sheet lined with parchment paper and bake until golden brown',15,'cook'),
(228,'Slice ripe tomatoes and fresh mozzarella cheese into rounds',5,'prep'),
(229,'Arrange tomato and mozzarella slices on a plate, alternating and overlapping',5,'prep'),
(230,'Tuck fresh basil leaves between the tomato and mozzarella slices',5,'prep'),
(231,'Drizzle with balsamic glaze and olive oil',2,'prep'),
(232,'Sprinkle with salt and pepper to taste',2,'prep'),
(233,'Thinly slice beef and marinate in soy sauce, sugar, sesame oil, garlic, and ginger for 1-2 hours',60,'prep'),
(234,'Heat a skillet or grill pan over high heat',5,'prep'),
(235,'Cook marinated beef in batches until browned and caramelized',10,'cook'),
(236,'Serve hot with steamed rice and vegetables',2,'prep'),
(237,'Bring chicken broth to a simmer in a large pot',5,'prep'),
(238,'Add diced chicken, carrots, celery, and onion to the pot',10,'prep'),
(239,'Simmer until chicken is cooked through and vegetables are tender',20,'cook'),
(240,'Add cooked noodles to the pot and season with salt, pepper, and herbs',5,'prep'),
(241,'Heat heavy cream until hot but not boiling',5,'prep'),
(242,'Pour hot cream over chopped chocolate and let it sit for a few minutes',5,'prep'),
(243,'Stir until smooth and glossy, then refrigerate until firm',120,'prep'),
(244,'Roll chocolate mixture into balls and coat with cocoa powder, powdered sugar, or chopped nuts',10,'prep'),
(245,'Warm tortillas in a skillet or oven',5,'prep'),
(246,'Cook eggs to your preference (fried, scrambled, or poached)',5,'cook'),
(247,'Top each tortilla with refried beans, cooked eggs, and salsa',5,'prep'),
(248,'Garnish with chopped cilantro, avocado slices, and grated cheese',2,'prep'),
(249,'Heat olive oil in a large skillet over medium heat',2,'prep'),
(250,'Sauté onions and garlic until softened',5,'cook'),
(251,'Add diced eggplant, zucchini, bell peppers, and tomatoes to the skillet',10,'prep'),
(252,'Season with salt, pepper, and herbs de Provence',2,'prep'),
(253,'Simmer until vegetables are tender and flavors are blended',20,'cook'),
(254,'Prepare falafel mixture by blending chickpeas, herbs, spices, and flour in a food processor',10,'prep'),
(255,'Shape falafel mixture into balls or patties and fry until golden brown and crispy',15,'cook'),
(256,'Warm flatbread in the oven or on a skillet',5,'prep'),
(257,'Assemble falafel wrap with flatbread, falafel, lettuce, tomatoes, cucumbers, and tahini sauce',5,'prep'),
(258,'Season chicken breasts with salt and pepper, then dredge in flour',5,'prep'),
(259,'Heat olive oil and butter in a skillet over medium-high heat',2,'prep'),
(260,'Sear chicken breasts until golden brown on both sides',10,'cook'),
(261,'Remove chicken from skillet and set aside',2,'prep'),
(262,'Add minced garlic to the skillet and cook until fragrant',2,'cook'),
(263,'Deglaze the skillet with white wine and chicken broth, scraping up any browned bits',2,'prep'),
(264,'Add lemon juice, capers, and lemon slices to the skillet',2,'prep'),
(265,'Return chicken to the skillet and simmer until cooked through',10,'cook'),
(267,'Add sliced vegetables (such as bell peppers, broccoli, carrots, and snow peas) to the wok',5,'prep'),
(268,'Stir-fry until vegetables are tender-crisp',10,'cook'),
(269,'Season with soy sauce, garlic, ginger, and any other desired seasonings',2,'prep'),
(270,'Serve hot over rice or noodles',2,'prep'),
(272,'Season chicken breasts with salt, pepper, and garlic powder',5,'prep'),
(273,'Heat olive oil in a skillet over medium-high heat',2,'prep'),
(274,'Sear chicken breasts until golden brown on both sides and cooked through',10,'cook'),
(276,'Melt butter in the skillet, then add minced garlic and cook until fragrant',2,'cook'),
(277,'Stir in heavy cream, grated Parmesan cheese, and salt and pepper to taste',5,'prep'),
(278,'Simmer until the sauce thickens, then toss with cooked pasta',5,'cook'),
(279,'Slice cooked chicken and serve over the Alfredo pasta',2,'prep'),
(281,'Cut croissants into cubes and place them in a greased baking dish',5,'prep'),
(282,'In a bowl, whisk together eggs, milk, sugar, vanilla extract, and cinnamon',5,'prep'),
(283,'Pour the egg mixture over the croissants, pressing down to ensure they are fully soaked',5,'prep'),
(284,'Bake in the preheated oven until golden brown and set',30,'cook'),
(285,'Serve warm with a dusting of powdered sugar or a drizzle of caramel sauce',2,'prep'),
(286,'Cook spaghetti in a large pot of boiling salted water until al dente, then drain and set aside',10,'prep'),
(287,'Cook diced pancetta or bacon in a skillet until crispy',5,'cook'),
(288,'Remove cooked pancetta from the skillet and set aside',2,'prep'),
(289,'In a bowl, whisk together eggs, grated Parmesan cheese, and black pepper',5,'prep'),
(290,'Toss cooked spaghetti with the egg mixture until evenly coated',5,'prep'),
(291,'Add cooked pancetta to the skillet, then pour the spaghetti and egg mixture over it',5,'prep'),
(292,'Cook over low heat, tossing constantly, until the sauce thickens and coats the pasta',5,'cook'),
(293,'Marinate chicken thighs in yogurt, lemon juice, garlic, and spices for 1-2 hours',60,'prep'),
(294,'Heat oil in a skillet over medium-high heat',2,'prep'),
(295,'Cook marinated chicken thighs until browned and cooked through',15,'cook'),
(296,'Slice cooked chicken and serve in pita bread with lettuce, tomatoes, onions, and tahini sauce',5,'prep'),
(298,'Grease and flour cake pans',5,'prep'),
(299,'In a bowl, sift together flour, cocoa powder, baking soda, and salt',5,'prep'),
(300,'In another bowl, cream together butter and sugar until light and fluffy',5,'prep'),
(301,'Beat in eggs, one at a time, then stir in vanilla extract and red food coloring',5,'prep'),
(302,'Alternate adding dry ingredients and buttermilk to the batter, mixing until smooth',10,'prep'),
(305,'Preheat the oven to 425°F (220°C)',10,'prep'),
(306,'Roll out pizza dough on a baking sheet lined with parchment paper',5,'prep'),
(309,'Drizzle olive oil over the flatbread and sprinkle with salt',2,'prep'),
(310,'Bake in the preheated oven until the crust is golden brown and the cheese is bubbly',10,'cook'),
(311,'Heat pita bread in the oven or on a skillet until warm and pliable',5,'prep'),
(312,'Slice cooked gyro meat thinly',5,'prep'),
(313,'Assemble gyro wrap with warm pita bread, gyro meat, lettuce, tomatoes, onions, and tzatziki sauce',5,'prep'),
(315,'In a food processor, blend fresh basil, pine nuts, garlic, Parmesan cheese, and olive oil until smooth',5,'prep'),
(316,'Toss cooked pasta with pesto sauce until evenly coated',5,'prep'),
(317,'Serve hot, garnished with additional Parmesan cheese and pine nuts if desired',2,'prep'),
(318,'Season chicken breasts with salt and pepper, then grill or bake until cooked through',15,'cook'),
(319,'Slice cooked chicken thinly',5,'prep'),
(320,'Warm tortillas in the oven or on a skillet until pliable',5,'prep'),
(321,'Assemble Caesar wrap with warm tortillas, sliced chicken, romaine lettuce, Parmesan cheese, and Caesar dressing',5,'prep'),
(322,'Heat olive oil and butter in a large skillet over medium heat',2,'prep'),
(323,'Sauté diced onions and minced garlic until softened',5,'cook'),
(324,'Add Arborio rice to the skillet and toast until lightly golden',5,'prep'),
(325,'Deglaze the skillet with white wine, stirring constantly until absorbed',2,'prep'),
(326,'Add hot chicken or vegetable broth to the skillet, one ladleful at a time, stirring constantly until absorbed',20,'cook'),
(327,'Stir in sliced mushrooms and cook until tender',10,'cook'),
(328,'Stir in grated Parmesan cheese, salt, and pepper to taste',2,'prep'),
(329,'Serve hot, garnished with chopped parsley if desired',2,'prep'),
(330,'Toast bread until golden brown and crisp',5,'prep'),
(331,'Mash ripe avocados with a fork and spread over the toasted bread',5,'prep'),
(332,'Season with salt, pepper, and red pepper flakes to taste',2,'prep'),
(333,'Drizzle with olive oil and sprinkle with sesame seeds or chopped cilantro if desired',2,'prep'),
(334,'Heat a skillet over medium heat',2,'prep'),
(335,'Place a tortilla in the skillet and sprinkle with shredded cheese',2,'prep'),
(336,'Arrange cooked chicken, sliced peppers, onions, and any other desired fillings over the cheese',5,'prep'),
(337,'Top with another tortilla and cook until the bottom tortilla is golden brown and crispy',5,'cook'),
(338,'Flip the quesadilla and cook until the other side is golden brown and crispy',5,'cook'),
(339,'Slice into wedges and serve hot, with salsa and sour cream on the side',2,'prep'),
(340,'Heat butter and olive oil in a large pot over medium heat',2,'prep'),
(341,'Add thinly sliced onions and cook until caramelized',30,'cook'),
(342,'Stir in flour and cook for 2 minutes',2,'prep'),
(343,'Deglaze the pot with white wine, scraping up any browned bits',2,'prep'),
(344,'Add beef broth, thyme, bay leaf, and salt and pepper to taste',5,'prep'),
(345,'Simmer for 20-30 minutes',20,'cook'),
(346,'Toast baguette slices in the oven until crisp',5,'prep'),
(347,'Ladle soup into oven-safe bowls, top with baguette slices and shredded Gruyère cheese',5,'prep'),
(348,'Broil until the cheese is melted and bubbly',5,'cook'),
(349,'In a bowl, whisk together flour, sugar, baking powder, and salt',5,'prep'),
(350,'In another bowl, mix together ricotta cheese, milk, lemon juice, lemon zest, egg yolks, and melted butter',10,'prep'),
(351,'Beat egg whites until stiff peaks form',5,'prep'),
(352,'Gently fold egg whites into the ricotta mixture',5,'prep'),
(353,'Heat a skillet or griddle over medium heat and lightly grease with butter or oil',2,'prep'),
(354,'Pour batter onto the skillet to form pancakes and cook until golden brown on both sides',10,'cook'),
(355,'Preheat oven to 160°C (320°F) and grease and flour a round cake pan',10,'prep'),
(356,'Beat eggs and sugar until pale, thick, and tripled in volume',3,'prep'),
(357,'Sift flour into egg mixture in batches, gently folding after each',5,'prep'),
(358,'Fold in vanilla extract',1,'prep'),
(359,'Pour batter into prepared pan and smooth the top',2,'prep'),
(360,'Bake for 25-30 minutes until golden and a toothpick comes out clean',30,'cook'),
(361,'Cool in pan for 10 minutes, then transfer to a wire rack',10,'prep'),
(362,'Rinse the clams under cold water to remove any sand or grit. Discard any clams with broken shells or that do not close when tapped',10,'prep'),
(363,'In a large skillet or pan, heat the olive oil over medium heat. Add the minced garlic and sauté for 1-2 minutes until fragrant',3,'cook'),
(364,'Add the clams to the skillet and pour in the white wine. Cover the skillet with a lid and cook for 5-7 minutes, or until the clams have opened',10,'cook'),
(365,'Discard any clams that have not opened. Sprinkle the chopped coriander over the clams and season with salt and black pepper to taste',2,'prep'),
(366,'Give everything a gentle toss to combine',3,'cook'),
(367,'Transfer the clams and sauce to a serving dish. Serve hot with lemon wedges on the side for squeezing over the clams',2,'prep'),
(368,'Preheat your oven to 200°C (390°F).Grease a muffin tin or line it with paper liners',10,'prep'),
(369,'In a large mixing bowl, combine the granulated sugar and melted butter. Mix well',2,'prep'),
(370,'Add the eggs, one at a time, mixing well after each addition',3,'prep'),
(371,'Gradually add the flour, mixing until smooth',4,'prep'),
(372,'Stir in the whole milk and lemon zest until well combined',5,'prep'),
(373,'Pour the batter into the prepared muffin tin, filling each cavity about 3/4 full',6,'prep'),
(374,'Bake in the preheated oven for 25-30 minutes, or until the queijadas are set and golden brown on top',30,'cook'),
(375,'Remove from the oven and let them cool in the tin for 10 minutes before transferring them to a wire rack to cool completely',10,'prep'),
(376,'Once cooled, dust the queijadas with ground cinnamon',1,'prep'),
(377,'Heat the vegetable oil in a large skillet or wok over medium heat. Add the minced garlic and chopped onion, and sauté until fragrant, about 2 minutes',2,'cook'),
(378,'Add the cooked chicken, shrimp, or tofu (if using) to the skillet, and stir-fry for another 2-3 minutes until heated through',3,'cook'),
(379,'Push the ingredients to one side of the skillet, and pour the beaten eggs onto the empty side. Allow the eggs to set slightly, then scramble them until cooked',4,'cook'),
(380,'Add the cooked rice to the skillet, breaking up any clumps with a spoon or spatula. Stir-fry for 3-4 minutes to heat through and incorporate all the ingredients',5,'cook'),
(381,'Add the kecap manis, soy sauce, and oyster sauce to the skillet, and toss everything together until well combined',4,'cook'),
(382,'Season with salt and pepper to taste, and adjust the seasoning if necessary',5,'prep'),
(383,'Serve the Nasi Goreng hot, garnished with sliced cucumber, tomato, lettuce, and fried shallots if desired',6,'prep'),
(384,'Serve with lime wedges on the side for squeezing over the Nasi Goreng',1,'prep'),
(385,'Mix garlic, shallot, kecap manis, soy sauce, oil, spices, salt for marinade',2,'prep'),
(386,'Marinate chicken in the mixture for 1 hour or more',5,'prep'),
(387,'Thread chicken onto skewers',6,'prep'),
(388,'Preheat grill, cook skewers 4-5 min each side until cooked through',15,'cook'),
(389,'Brush with marinade while grilling',4,'prep'),
(390,'Serve hot with sambal or peanut sauce, cucumber, and onion slices',5,'prep'),
(391,'Preheat the oven to 180°C (350°F)',10,'prep'),
(392,'Blend shallots, garlic, chili peppers, candlenuts, lemongrass, ginger, turmeric, galangal, kaffir lime leaves, and shrimp paste into a smooth paste',3,'prep'),
(393,'Rub the spice paste all over the suckling pig, including inside the cavity',3,'prep'),
(394,'Truss the pig and place it on a roasting rack in a roasting pan. Brush with vegetable oil',5,'prep'),
(395,'Roast the pig in the preheated oven for 3-4 hours, or until the skin is crispy and golden brown, and the meat is tender',180,'cook'),
(397,'Once cooked, remove the pig from the oven and let it rest for 20-30 minutes before carving',30,'prep'),
(398,'Carve the pig into serving pieces and serve hot with steamed rice and sambal matah',10,'prep'),
(399,'Heat olive oil in a large paella pan or skillet',3,'prep'),
(400,'Sauté onion and garlic until softened',3,'cook'),
(401,'Add bell peppers and tomato, cook until peppers are tender',3,'cook'),
(402,'Stir in chorizo and chicken, cook until chicken is browned',5,'cook'),
(403,'Add rice, smoked paprika, and saffron. Cook for 1 minute',4,'cook'),
(404,'Pour in chicken broth and bring to a simmer. Cook uncovered for 15-20 minutes until rice is almost cooked',20,'cook'),
(405,'Arrange seafood mix over the rice. Cook for another 5-10 minutes until seafood is cooked through and rice is tender',15,'cook'),
(406,'Season with salt and pepper to taste',1,'prep'),
(407,'Serve hot with lemon wedges',2,'prep'),
(408,'In a saucepan, heat water, sugar, vegetable oil, and salt until boiling',2,'prep'),
(409,'Remove from heat and stir in flour until mixture forms a ball',3,'prep'),
(410,'Heat vegetable oil in a deep frying pan or pot',2,'prep'),
(411,'Pipe or spoon dough into hot oil, fry until golden brown',4,'cook'),
(412,'Drain on paper towels',2,'prep'),
(413,'Mix sugar and cinnamon in a shallow bowl',5,'prep'),
(414,'Roll churros in cinnamon sugar mixture',5,'prep'),
(415,'Preheat the grill to medium-high heat',5,'prep'),
(416,'Season the beef ribs generously with salt and pepper',2,'prep'),
(417,'Place the ribs on the grill and cook for 5-7 minutes on each side, or until desired doneness',10,'cook'),
(418,'Remove from the grill and let the meat rest for a few minutes',5,'prep'),
(419,'Serve hot with chimichurri sauce on the side',1,'prep'),
(420,'In a bowl, mix flour and salt',2,'prep'),
(421,'Add cold water and diced butter to the flour mixture',3,'prep'),
(422,'Mix until a dough forms',4,'prep'),
(423,'Roll out the dough on a floured surface and cut out circles',5,'prep'),
(424,'Place a spoonful of filling in the center of each circle',6,'prep'),
(425,'Fold the dough over the filling to form a half-moon shape',7,'prep'),
(426,'Seal the edges by crimping with a fork',8,'prep'),
(427,'Brush the empanadas with egg wash',1,'prep'),
(428,'Bake in a preheated oven at 200°C (400°F) for 20-25 minutes, or until golden brown',25,'cook'),
(429,'Drain and rinse the beans',10,'prep'),
(430,'In a large pot, heat vegetable oil over medium heat. Add onion and garlic, cook until softened',5,'prep'),
(431,'Add mixed meats to the pot and cook until browned',10,'cook'),
(432,'Add black beans, bay leaves, and enough water to cover the ingredients. Bring to a boil, then reduce heat and simmer for 1-2 hours, or until beans are tender',120,'cook'),
(433,'Season with salt and pepper to taste',5,'prep'),
(434,'Serve hot with rice and orange slices on the side',1,'prep'),
(435,'In a non-stick saucepan, combine sweetened condensed milk, cocoa powder, and butter',2,'prep'),
(436,'Cook over medium heat, stirring constantly, until the mixture thickens and pulls away from the sides of the pan (about 10-15 minutes)',10,'cook'),
(437,'Remove from heat and let the mixture cool to room temperature',5,'prep'),
(438,'Grease your hands with butter and roll the mixture into small balls (about 1 tablespoon each)',5,'prep'),
(439,'Roll the balls in chocolate sprinkles or grated chocolate to coat',5,'prep'),
(440,'In a large pot or Dutch oven, heat olive oil over medium heat. Add onion, garlic, carrots, and celery, cook until softened',5,'prep'),
(441,'Add beef chunks to the pot and brown on all sides',10,'cook'),
(442,'Stir in tomato paste and cook for 2-3 minutes',5,'cook'),
(443,'Pour in red wine, beef broth, red wine vinegar, and add bay leaves. Bring to a simmer, then cover and cook over low heat for 2-3 hours, or until the meat is tender',180,'cook'),
(444,'Season with salt, pepper, and sugar to taste, then serve hot with gnocchi or pasta',3,'prep'),
(445,'In a mixing bowl, combine flour, instant yeast, sugar, and salt',2,'prep'),
(446,'Add the egg, milk, and citrus zest to the dry ingredients. Mix until smooth',3,'prep'),
(447,'If using raisins, fold them into the batter',4,'prep'),
(448,'Cover the bowl with a clean kitchen towel and let the batter rise in a warm place for about 30 minutes',30,'prep'),
(449,'Heat vegetable oil in a deep pot or fryer to 170°C (340°F)',5,'prep'),
(450,'Drop spoonfuls of batter into the hot oil and fry until golden brown and cooked through, about 2-3 minutes per side',10,'cook'),
(451,'Remove the fritters from the oil and drain on paper towels, then dust with powdered sugar while still warm',2,'prep');

INSERT INTO themes VALUES
('Small bites','Bite-sized snacks bursting with flavor, perfect for parties or quick indulgences'),
('Wraps and Sandwiches','Convenient meals wrapped in bread or tortillas, ideal for on-the-go lunches or casual dining.'),
('Traditional Recipes','Time-honored dishes reflecting cultural heritage and authentic flavors passed down through generations.'),
('Holidays Specials','Festive dishes prepared for special occasions, invoking feelings of celebration and nostalgia.'),
('Soups','Comforting bowls of broth, vegetables, and meats, offering warmth and nourishment in every spoonful.'),
('Risotto Recipes','Creamy Italian rice dishes, rich in flavor and texture, perfect for indulgent meals.'),
('Pasta','Versatile dishes with noodles and various sauces, meats, and veggies, offering endless flavors.'),
('Baked Goods','Freshly baked treats like bread, muffins, cookies, and cakes, filling the air with delightful scents.'),
('Savory Main Dishes','Hearty meals with flavorful meats, seafood, or vegetarian options, accompanied by savory sides.'),
('Sweet Treats','Irresistible desserts like cakes, pies, cookies, and chocolates, satisfying any sweet tooth.');

INSERT INTO tips VALUES
(1,'Adjust cooking time and temperature'),
(2,'Make ahead for convenience'),
(3,'Read the entire recipe before starting'),
(4,'Practice proper food safety'),
(5,'Allow ingredients to come to room temperature'),
(6,'Experiment with different variations of liquor'),
(7,'Use quality ingredients'),
(8,'Experiment with different herbs and cheeses'),
(9,'Experiment with different varieties of apples'),
(10,'Experiment with different herbs and spices'),
(11,'Adjust cooking time and temperature for desired firmness of filling'),
(12,'Experiment with different types of lime juice'),
(13,'Adjust cooking time and temperature for desired fluffiness'),
(14,'Experiment with different variations'),
(15,'Adjust seasoning to taste'),
(16,'Use the correct cooking utensils and equipment'),
(17,'Make ahead for flavors to meld'),
(18,'Adjust cooking time and temperature for desired crust crispiness'),
(19,'Adjust cooking time and temperature for desired moistness'),
(20,'Adjust cooking time and temperature for desired crispiness'),
(21,'Experiment with different citrus flavors'),
(22,'Experiment with different toppings and salsas'),
(23,'Experiment with different fillings and sauces'),
(24,'Experiment with different types of berries'),
(25,'Adjust cooking time and temperature for desired tenderness'),
(26,'Adjust cooking time and temperature for desired rise'),
(27,'Adjust chilling time for desired firmness'),
(28,'Adjust cooking time and temperature for desired texture'),
(29,'Experiment with different variations of mushrooms for the duxelles'),
(30,'Experiment with different additions like chocolate chips or dried fruit'),
(31,'Adjust cooking time and temperature for desired creaminess'),
(32,'Adjust cooking time and temperature for desired caramelization of onions'),
(33,'Experiment with different variations like adding blueberries or lemon zest'),
(34,'Garnish with fresh fruit for presentation'),
(35,'Allow for resting time'),
(36,'Garnish with crushed peanuts and fresh cilantro for presentation'),
(37,'Experiment with different fillings'),
(38,'Garnish with cocoa powder for presentation'),
(39,'Experiment with different fillings and toppings'),
(40,'Garnish with fresh basil before serving'),
(41,'Garnish with shaved parmesan and croutons for presentation'),
(42,'Allow for resting time after baking'),
(43,'Experiment with different vegetables and sauces'),
(44,'Experiment with different frostings and fillings'),
(45,'Serve with tahini sauce for dipping'),
(46,'Dust with powdered sugar before serving'),
(47,'Adjust seasoning to taste with additional garlic and lemon juice'),
(48,'Adjust seasoning to taste with additional spices and lime juice'),
(49,'Garnish with fresh parsley before serving'),
(50,'Garnish with chopped cilantro and sliced jalapeños for presentation'),
(51,'Experiment with different proteins such as chicken, beef or tofu'),
(52,'Allow for resting time before serving'),
(53,'Experiment with different types of bread and additions like avocado or pickles'),
(54,'Experiment with different types of miso paste and garnishes like tofu or seaweed'),
(55,'Allow for resting time after chilling'),
(56,'Make ahead for flavors to develop'),
(57,'Serve immediately for best texture'),
(58,'Experiment with different flavors like blueberry or lemon'),
(59,'Garnish with balsamic glaze and fresh basil for presentation'),
(60,'Allow meat to marinate for optimal flavor'),
(61,'Experiment with different coatings like cocoa powder or crushed nuts'),
(62,'Garnish with fresh cilantro and avocado slices for presentation'),
(63,'Garnish with fresh herbs before serving'),
(64,'Serve with tzatziki sauce and fresh vegetables'),
(65,'Allow the beef to come to room temperature before wrapping in pastry'),
(66,'Garnish with fresh parsley and lemon slices for presentation'),
(67,'Experiment with different combinations of vegetables and sauces'),
(68,'Experiment with different types of pasta and garnish with fresh parsley'),
(69,'Garnish with chopped parsley and grated parmesan cheese'),
(70,'Experiment with different marinades and serve with tahini sauce and pickled vegetables'),
(71,'Experiment with different cream cheese frosting recipes'),
(72,'Experiment with different types of nuts and cheese for the pesto sauce'),
(73,'Experiment with different toppings like poached eggs or cherry tomatoes'),
(74,'Experiment with different cheeses and fillings like peppers or beans'),
(75,'Garnish with toasted baguette slices and melted cheese'),
(76,'Serve with maple syrup and fresh berries for presentation');

INSERT INTO tools VALUES
('Chefs Knife','Use for chopping, slicing and dicing ingredients.'),
('Cutting Board','Place ingredients on the board for cutting with a knife.'),
('Mixing Bowls','Use for combining ingredients or mixing batters.'),
('Measuring Cups and Spoons','Measure precise amounts of ingredients for recipes.'),
('Whisk','Beat ingredients together or incorporate air into mixtures.'),
('Wooden Spoon','Stir and mix ingredients in pots and pans.'),
('Spatula','Flip foods like pancakes or burgers and scrape bowls clean.'),
('Rolling Pin','Roll out dough for pastries and pies.'),
('Baking Sheets','Use for baking cookies, roasting vegetables or heating food'),
('Saucepan','Cook sauces, soups and small quantities of food on the stovetop.'),
('Skillet/Frying Pan','Sear, fry or saute foods like meats and vegetables.'),
('Stockpot','Prepare large batches of soup, stock or pasta'),
('Blender','Blend ingredients into smoothies, sauces or soups.'),
('Food Processor','Chop, slice or puree ingredients quickly and efficiently.'),
('Stand Mixer','Mix doughs, batters and frosting with ease.'),
('Hand Mixer','Blend and whip ingredients by hand.'),
('Grater','Grate cheese, vegetables or zest citrus fruits'),
('Colander','Drain liquids from cooked pasta, vegetables or grains.'),
('Can Opener','Open cans of ingredients like beans, tomatoes or sauces.'),
('Oven Mitts','Protect hands from hot pots, pans and baking dishes'),
('Timer','Monitor cooking and baking times accurately.'),
('Kitchen Scale','Weigh ingredients for precise measurements in recipes.'),
('Thermometer','Check temperatures of meats, baked goods or liquids for doneness.'),
('Pastry Brush','Brush butter, egg wash or glazes onto baked goods.'),
('Ice Cream Scoop','Scoop uniform portions of ice cream, cookie dough or batter'),
('Peeler','Peel skins from fruits and vegetables quickly and efficiently.'),
('Kitchen Shears','Cut herbs, trim meats or open packages.'),
('Mortar and Pestle','Crush spices, grind herbs or make pastes.'),
('Citrus Juicer','Extract juice from citrus fruits like lemons, limes or oranges.'),
('Salad Spinner','Wash and dry leafy greens and herbs for salads.');

INSERT INTO cook_recipies VALUES
(1,'Spinach and Feta Quiche'),
(1,'Croissant'),
(1,'Omelette'),
(1,'Croque Monsieur'),
(1,'Beef Bourguignon'),
(1,'Cheese Soufflé'),
(1,'Chocolate Truffles'),
(1,'Ratatouille'),
(1,'Croissant Bread Pudding'),
(1,'French Onion Soup'),
(1,'Fluffy Pancakes'),
(1,'Tuna Salad Sandwich'),
(1,'Avocado Toast'),
(2,'Chicken Tikka Masala'),
(2,'Fluffy Pancakes'),
(2,'Tuna Salad Sandwich'),
(2,'Avocado Toast'),
(3,'Sushi Rolls'),
(3,'Miso Soup'),
(3,'Fluffy Pancakes'),
(3,'Tuna Salad Sandwich'),
(3,'Avocado Toast'),
(4,'Beef Tacos'),
(4,'Chicken Enchiladas'),
(4,'Huevos Rancheros'),
(4,'Chicken Quesadilla'),
(4,'Fluffy Pancakes'),
(4,'Tuna Salad Sandwich'),
(4,'Avocado Toast'),
(5,'Chicken Pad Thai'),
(5,'Pad See Ew'),
(5,'Fluffy Pancakes'),
(5,'Tuna Salad Sandwich'),
(5,'Avocado Toast'),
(6,'Fluffy Pancakes'),
(6,'Tuna Salad Sandwich'),
(6,'Avocado Toast'),
(6,'Tiramisu'),
(6,'Margherita Pizza'),
(6,'Shrimp Scampi'),
(6,'Caprese Salad'),
(6,'Lemon Chicken Piccata'),
(6,'Chicken Alfredo'),
(6,'Spaghetti Carbonara'),
(6,'Margherita Flatbread'),
(6,'Pesto Pasta'),
(6,'Mushroom Risotto'),
(7,'Beef Stir-Fry'),
(8,'Spanakopita'),
(8,'Gyro Wrap'),
(9,'Fluffy Pancakes'),
(9,'Chocolate Chip Cookies'),
(9,'Chicken Caesar Salad'),
(9,'Apple Pie'),
(9,'Chocolate Cake'),
(9,'Lemon Bars'),
(9,'Blueberry Muffins'),
(9,'Tuna Salad Sandwich'),
(9,'Key Lime Pie'),
(9,'Chicken Noodle Soup'),
(9,'Red Velvet Cake'),
(9,'Chicken Caesar Wrap'),
(9,'Avocado Toast'),
(9,'Lemon Ricotta Pancakes'),
(10,'Beef Wellington'),
(10,'Shepherds Pie'),
(10,'Scones'),
(11,'Beef Bulgogi'),
(12,'Baklava'),
(13,'Falafel'),
(13,'Falafel Wrap'),
(13,'Chicken Shawarma'),
(14,'Vegetable Stir-Fry'),
(15,'Beef Wellington'),
(15,'Shepherds Pie'),
(15,'Scones'),
(16,'Beef Tacos'),
(16,'Chicken Enchiladas'),
(16,'Huevos Rancheros'),
(16,'Chicken Quesadilla'),
(17,'Sushi Rolls'),
(17,'Miso Soup'),
(18,'Chicken Tikka Masala'),
(19,'Tiramisu'),
(19,'Margherita Pizza'),
(19,'Shrimp Scampi'),
(19,'Caprese Salad'),
(19,'Lemon Chicken Piccata'),
(19,'Chicken Alfredo'),
(19,'Spaghetti Carbonara'),
(19,'Margherita Flatbread'),
(19,'Pesto Pasta'),
(19,'Mushroom Risotto'),
(20,'Beef Bulgogi'),
(21,'Spinach and Feta Quiche'),
(21,'Croissant'),
(21,'Omelette'),
(21,'Croque Monsieur'),
(21,'Beef Bourguignon'),
(21,'Cheese Soufflé'),
(21,'Chocolate Truffles'),
(21,'Ratatouille'),
(21,'Croissant Bread Pudding'),
(21,'French Onion Soup'),
(22,'Chicken Pad Thai'),
(22,'Pad See Ew'),
(23,'Baklava'),
(24,'Beef Stir-Fry'),
(25,'Fluffy Pancakes'),
(25,'Chocolate Chip Cookies'),
(25,'Chicken Caesar Salad'),
(25,'Apple Pie'),
(25,'Chocolate Cake'),
(25,'Lemon Bars'),
(25,'Blueberry Muffins'),
(25,'Tuna Salad Sandwich'),
(25,'Key Lime Pie'),
(25,'Chicken Noodle Soup'),
(25,'Red Velvet Cake'),
(25,'Chicken Caesar Wrap'),
(25,'Avocado Toast'),
(25,'Lemon Ricotta Pancakes'),
(26,'Spanakopita'),
(26,'Gyro Wrap'),
(27,'Falafel'),
(27,'Falafel Wrap'),
(27,'Chicken Shawarma'),
(28,'Vegetable Stir-Fry'),
(29,'Tiramisu'),
(29,'Margherita Pizza'),
(29,'Shrimp Scampi'),
(29,'Caprese Salad'),
(29,'Lemon Chicken Piccata'),
(29,'Chicken Alfredo'),
(29,'Spaghetti Carbonara'),
(29,'Margherita Flatbread'),
(29,'Pesto Pasta'),
(29,'Mushroom Risotto'),
(30,'Sushi Rolls'),
(30,'Miso Soup'),
(31,'Beef Wellington'),
(31,'Shepherds Pie'),
(31,'Scones'),
(32,'Beef Bulgogi'),
(33,'Beef Tacos'),
(33,'Chicken Enchiladas'),
(33,'Huevos Rancheros'),
(33,'Chicken Quesadilla'),
(34,'Chicken Tikka Masala'),
(35,'Chicken Pad Thai'),
(35,'Pad See Ew'),
(36,'Fluffy Pancakes'),
(36,'Chocolate Chip Cookies'),
(36,'Chicken Caesar Salad'),
(36,'Apple Pie'),
(36,'Chocolate Cake'),
(36,'Lemon Bars'),
(36,'Blueberry Muffins'),
(36,'Tuna Salad Sandwich'),
(36,'Key Lime Pie'),
(36,'Chicken Noodle Soup'),
(36,'Red Velvet Cake'),
(36,'Chicken Caesar Wrap'),
(36,'Avocado Toast'),
(36,'Lemon Ricotta Pancakes'),
(37,'Spinach and Feta Quiche'),
(37,'Croissant'),
(37,'Omelette'),
(37,'Croque Monsieur'),
(37,'Beef Bourguignon'),
(37,'Cheese Soufflé'),
(37,'Chocolate Truffles'),
(37,'Ratatouille'),
(37,'Croissant Bread Pudding'),
(37,'French Onion Soup'),
(38,'Spanakopita'),
(38,'Gyro Wrap'),
(39,'Beef Stir-Fry'),
(40,'Baklava'),
(41,'Falafel'),
(41,'Falafel Wrap'),
(41,'Chicken Shawarma'),
(42,'Vegetable Stir-Fry'),
(43,'Tiramisu'),
(43,'Margherita Pizza'),
(43,'Shrimp Scampi'),
(43,'Caprese Salad'),
(43,'Lemon Chicken Piccata'),
(43,'Chicken Alfredo'),
(43,'Spaghetti Carbonara'),
(43,'Margherita Flatbread'),
(43,'Pesto Pasta'),
(43,'Mushroom Risotto'),
(44,'Sushi Rolls'),
(44,'Miso Soup'),
(45,'Beef Tacos'),
(45,'Chicken Enchiladas'),
(45,'Huevos Rancheros'),
(45,'Chicken Quesadilla'),
(46,'Beef Bulgogi'),
(47,'Chicken Tikka Masala'),
(48,'Chicken Pad Thai'),
(48,'Pad See Ew'),
(49,'Beef Wellington'),
(49,'Shepherds Pie'),
(49,'Scones'),
(50,'Fluffy Pancakes'),
(50,'Chocolate Chip Cookies'),
(50,'Chicken Caesar Salad'),
(50,'Apple Pie'),
(50,'Chocolate Cake'),
(50,'Lemon Bars'),
(50,'Blueberry Muffins'),
(50,'Tuna Salad Sandwich'),
(50,'Key Lime Pie'),
(50,'Chicken Noodle Soup'),
(50,'Red Velvet Cake'),
(50,'Chicken Caesar Wrap'),
(50,'Avocado Toast'),
(50,'Lemon Ricotta Pancakes'),
(51,'Spinach and Feta Quiche'),
(51,'Croissant'),
(51,'Omelette'),
(51,'Croque Monsieur'),
(51,'Beef Bourguignon'),
(51,'Cheese Soufflé'),
(51,'Chocolate Truffles'),
(51,'Ratatouille'),
(51,'Croissant Bread Pudding'),
(51,'French Onion Soup'),
(52,'Beef Stir-Fry'),
(53,'Spanakopita'),
(53,'Gyro Wrap'),
(54,'Baklava'),
(55,'Falafel'),
(55,'Falafel Wrap'),
(55,'Chicken Shawarma'),
(56,'Tiramisu'),
(56,'Margherita Pizza'),
(56,'Shrimp Scampi'),
(56,'Caprese Salad'),
(56,'Lemon Chicken Piccata'),
(56,'Chicken Alfredo'),
(56,'Spaghetti Carbonara'),
(56,'Margherita Flatbread'),
(56,'Pesto Pasta'),
(56,'Mushroom Risotto'),
(57,'Sushi Rolls'),
(57,'Miso Soup'),
(58,'Beef Bulgogi'),
(59,'Beef Tacos'),
(59,'Chicken Enchiladas'),
(59,'Huevos Rancheros'),
(59,'Chicken Quesadilla'),
(60,'Chicken Tikka Masala'),
(61,'Chicken Pad Thai'),
(61,'Pad See Ew'),
(62,'Beef Wellington'),
(62,'Shepherds Pie'),
(62,'Scones'),
(63,'Fluffy Pancakes'),
(63,'Chocolate Chip Cookies'),
(63,'Chicken Caesar Salad'),
(63,'Apple Pie'),
(63,'Chocolate Cake'),
(63,'Lemon Bars'),
(63,'Blueberry Muffins'),
(63,'Tuna Salad Sandwich'),
(63,'Key Lime Pie'),
(63,'Chicken Noodle Soup'),
(63,'Red Velvet Cake'),
(63,'Chicken Caesar Wrap'),
(63,'Avocado Toast'),
(63,'Lemon Ricotta Pancakes'),
(64,'Vegetable Stir-Fry'),
(65,'Spinach and Feta Quiche'),
(65,'Croissant'),
(65,'Omelette'),
(65,'Croque Monsieur'),
(65,'Beef Bourguignon'),
(65,'Cheese Soufflé'),
(65,'Chocolate Truffles'),
(65,'Ratatouille'),
(65,'Croissant Bread Pudding'),
(65,'French Onion Soup'),
(66,'Spanakopita'),
(66,'Gyro Wrap'),
(67,'Beef Stir-Fry'),
(68,'Baklava'),
(69,'Falafel'),
(69,'Falafel Wrap'),
(69,'Chicken Shawarma'),
(70,'Tiramisu'),
(70,'Margherita Pizza'),
(70,'Shrimp Scampi'),
(70,'Caprese Salad'),
(70,'Lemon Chicken Piccata'),
(70,'Chicken Alfredo'),
(70,'Spaghetti Carbonara'),
(70,'Margherita Flatbread'),
(70,'Pesto Pasta'),
(70,'Mushroom Risotto'),
(71,'Sushi Rolls'),
(71,'Miso Soup'),
(72,'Beef Tacos'),
(72,'Chicken Enchiladas'),
(72,'Huevos Rancheros'),
(72,'Chicken Quesadilla'),
(73,'Beef Bulgogi'),
(74,'Chicken Tikka Masala'),
(75,'Chicken Pad Thai'),
(75,'Pad See Ew'),
(76,'Beef Wellington'),
(76,'Shepherds Pie'),
(76,'Scones'),
(77,'Fluffy Pancakes'),
(77,'Chocolate Chip Cookies'),
(77,'Chicken Caesar Salad'),
(77,'Apple Pie'),
(77,'Chocolate Cake'),
(77,'Lemon Bars'),
(77,'Blueberry Muffins'),
(77,'Tuna Salad Sandwich'),
(77,'Key Lime Pie'),
(77,'Chicken Noodle Soup'),
(77,'Red Velvet Cake'),
(77,'Chicken Caesar Wrap'),
(77,'Avocado Toast'),
(77,'Lemon Ricotta Pancakes'),
(78,'Spinach and Feta Quiche'),
(78,'Croissant'),
(78,'Omelette'),
(78,'Croque Monsieur'),
(78,'Beef Bourguignon'),
(78,'Cheese Soufflé'),
(78,'Chocolate Truffles'),
(78,'Ratatouille'),
(78,'Croissant Bread Pudding'),
(78,'French Onion Soup'),
(79,'Spanakopita'),
(79,'Gyro Wrap'),
(80,'Beef Stir-Fry'),
(81,'Baklava'),
(82,'Falafel'),
(82,'Falafel Wrap'),
(82,'Chicken Shawarma'),
(83,'Tiramisu'),
(83,'Margherita Pizza'),
(83,'Shrimp Scampi'),
(83,'Caprese Salad'),
(83,'Lemon Chicken Piccata'),
(83,'Chicken Alfredo'),
(83,'Spaghetti Carbonara'),
(83,'Margherita Flatbread'),
(83,'Pesto Pasta'),
(83,'Mushroom Risotto'),
(84,'Sushi Rolls'),
(84,'Miso Soup'),
(85,'Beef Tacos'),
(85,'Chicken Enchiladas'),
(85,'Huevos Rancheros'),
(85,'Chicken Quesadilla'),
(86,'Beef Bulgogi'),
(87,'Chicken Tikka Masala'),
(88,'Chicken Pad Thai'),
(88,'Pad See Ew'),
(89,'Beef Wellington'),
(89,'Shepherds Pie'),
(89,'Scones'),
(90,'Fluffy Pancakes'),
(90,'Chocolate Chip Cookies'),
(90,'Chicken Caesar Salad'),
(90,'Apple Pie'),
(90,'Chocolate Cake'),
(90,'Lemon Bars'),
(90,'Blueberry Muffins'),
(90,'Tuna Salad Sandwich'),
(90,'Key Lime Pie'),
(90,'Chicken Noodle Soup'),
(90,'Red Velvet Cake'),
(90,'Chicken Caesar Wrap'),
(90,'Avocado Toast'),
(90,'Lemon Ricotta Pancakes'),
(91,'Vegetable Stir-Fry'),
(92,'Spinach and Feta Quiche'),
(92,'Croissant'),
(92,'Omelette'),
(92,'Croque Monsieur'),
(92,'Beef Bourguignon'),
(92,'Cheese Soufflé'),
(92,'Chocolate Truffles'),
(92,'Ratatouille'),
(92,'Croissant Bread Pudding'),
(92,'French Onion Soup'),
(93,'Spanakopita'),
(93,'Gyro Wrap'),
(94,'Beef Stir-Fry'),
(95,'Baklava'),
(96,'Falafel'),
(96,'Falafel Wrap'),
(96,'Chicken Shawarma'),
(97,'Tiramisu'),
(97,'Margherita Pizza'),
(97,'Shrimp Scampi'),
(97,'Caprese Salad'),
(97,'Lemon Chicken Piccata'),
(97,'Chicken Alfredo'),
(97,'Spaghetti Carbonara'),
(97,'Margherita Flatbread'),
(97,'Pesto Pasta'),
(97,'Mushroom Risotto'),
(98,'Sushi Rolls'),
(98,'Miso Soup'),
(99,'Beef Tacos'),
(99,'Chicken Enchiladas'),
(99,'Huevos Rancheros'),
(99,'Chicken Quesadilla'),
(100,'Beef Bulgogi'),
(1,'Tiramisu'),
(1,'Margherita Pizza'),
(1,'Shrimp Scampi'),
(1,'Caprese Salad'),
(1,'Lemon Chicken Piccata'),
(1,'Chicken Alfredo'),
(1,'Spaghetti Carbonara'),
(1,'Margherita Flatbread'),
(1,'Pesto Pasta'),
(1,'Mushroom Risotto'),
(3,'Beef Stir-Fry'),
(3,'Beef Bulgogi'),
(5,'Beef Bulgogi'),
(9,'Nasi Goreng'),
(9,'Sate Ayam'),
(9,'Babi Guling'),
(17,'Pão de Ló'),
(17,'Ameijoas à Bulhão Pato'),
(17,'Queijadas de Sintra'),
(14,'Fluffy Pancakes'),
(14,'Chocolate Chip Cookies'),
(14,'Chicken Caesar Salad'),
(14,'Apple Pie'),
(14,'Chocolate Cake'),
(14,'Lemon Bars'),
(14,'Blueberry Muffins'),
(14,'Tuna Salad Sandwich'),
(14,'Key Lime Pie'),
(14,'Chicken Noodle Soup'),
(14,'Red Velvet Cake'),
(14,'Chicken Caesar Wrap'),
(14,'Avocado Toast'),
(14,'Lemon Ricotta Pancakes'),
(26,'Baklava'),
(23,'Spanakopita'),
(23,'Gyro Wrap'),
(37,'Nasi Goreng'),
(37,'Sate Ayam'),
(37,'Babi Guling'),
(42,'Paella'),
(42,'Churros'),
(50,'Pão de Ló'),
(50,'Ameijoas à Bulhão Pato'),
(50,'Queijadas de Sintra'),
(52,'Asado'),
(52,'Empanadas'),
(52,'Pašticada'),
(52,'Fritule'),
(63,'Nasi Goreng'),
(63,'Sate Ayam'),
(63,'Babi Guling'),
(64,'Feijoada'),
(64,'Brigadeiro'),
(69,'Asado'),
(69,'Empanadas'),
(72,'Nasi Goreng'),
(72,'Sate Ayam'),
(72,'Babi Guling'),
(72,'Paella'),
(72,'Churros'),
(73,'Pašticada'),
(73,'Fritule'),
(76,'Pão de Ló'),
(76,'Ameijoas à Bulhão Pato'),
(76,'Queijadas de Sintra'),
(79,'Feijoada'),
(79,'Brigadeiro'),
(82,'Asado'),
(82,'Empanadas'),
(83,'Nasi Goreng'),
(83,'Sate Ayam'),
(83,'Babi Guling'),
(87,'Paella'),
(87,'Churros'),
(87,'Pašticada'),
(87,'Fritule'),
(88,'Feijoada'),
(88,'Brigadeiro'),
(90,'Pão de Ló'),
(90,'Ameijoas à Bulhão Pato'),
(90,'Queijadas de Sintra'),
(93,'Pašticada'),
(93,'Fritule'),
(94,'Asado'),
(94,'Empanadas'),
(94,'Pašticada'),
(94,'Fritule'),
(95,'Pão de Ló'),
(95,'Ameijoas à Bulhão Pato'),
(95,'Queijadas de Sintra'),
(99,'Feijoada'),
(99,'Brigadeiro'),
(99,'Pašticada'),
(99,'Fritule'),
(100,'Nasi Goreng'),
(100,'Sate Ayam'),
(100,'Babi Guling'),
(22,'Fluffy Pancakes'),
(22,'Tuna Salad Sandwich'),
(22,'Avocado Toast'),
(32,'Fluffy Pancakes'),
(32,'Tuna Salad Sandwich'),
(32,'Avocado Toast'),
(12,'Fluffy Pancakes'),
(12,'Tuna Salad Sandwich'),
(12,'Avocado Toast'),
(11,'Fluffy Pancakes'),
(11,'Tuna Salad Sandwich'),
(11,'Avocado Toast'),
(52,'Fluffy Pancakes'),
(52,'Tuna Salad Sandwich'),
(52,'Avocado Toast');

INSERT INTO cook_specialty VALUES
(1,'French cuisine'),
(2,'Indian cuisine'),
(3,'Japanese cuisine'),
(4,'Mexican cuisine'),
(5,'Thai cuisine'),
(6,'Italian cuisine'),
(7,'Chinese cuisine'),
(8,'Greek cuisine'),
(9,'American cuisine'),
(10,'British cuisine'),
(11,'Korean cuisine'),
(12,'Turkish cuisine'),
(13,'Middle Eastern cuisine'),
(14,'Asian cuisine'),
(15,'British cuisine'),
(16,'Mexican cuisine'),
(17,'Japanese cuisine'),
(18,'Indian cuisine'),
(19,'Italian cuisine'),
(20,'Korean cuisine'),
(21,'French cuisine'),
(22,'Thai cuisine'),
(23,'Turkish cuisine'),
(24,'Chinese cuisine'),
(25,'Spanish cuisine'),
(26,'Greek cuisine'),
(27,'Middle Eastern cuisine'),
(28,'Asian cuisine'),
(29,'Italian cuisine'),
(30,'Japanese cuisine'),
(31,'British cuisine'),
(32,'Korean cuisine'),
(33,'Mexican cuisine'),
(34,'Indian cuisine'),
(35,'Thai cuisine'),
(36,'American cuisine'),
(37,'French cuisine'),
(38,'Greek cuisine'),
(39,'Chinese cuisine'),
(40,'Turkish cuisine'),
(41,'Middle Eastern cuisine'),
(42,'Asian cuisine'),
(43,'Italian cuisine'),
(44,'Japanese cuisine'),
(45,'Mexican cuisine'),
(46,'Korean cuisine'),
(47,'Indian cuisine'),
(48,'Thai cuisine'),
(49,'British cuisine'),
(50,'Spanish cuisine'),
(51,'French cuisine'),
(52,'Chinese cuisine'),
(53,'Greek cuisine'),
(54,'Turkish cuisine'),
(55,'Middle Eastern cuisine'),
(56,'Indonesian cuisine'),
(57,'Japanese cuisine'),
(58,'Korean cuisine'),
(59,'Mexican cuisine'),
(60,'Indian cuisine'),
(61,'Thai cuisine'),
(62,'British cuisine'),
(63,'American cuisine'),
(64,'Asian cuisine'),
(65,'French cuisine'),
(66,'Greek cuisine'),
(67,'Chinese cuisine'),
(68,'Turkish cuisine'),
(69,'Middle Eastern cuisine'),
(70,'Italian cuisine'),
(71,'Japanese cuisine'),
(72,'Croatian cuisine'),
(73,'Brazilian cuisine'),
(74,'Indian cuisine'),
(75,'Thai cuisine'),
(76,'Portuguese cuisine'),
(77,'American cuisine'),
(78,'French cuisine'),
(79,'Greek cuisine'),
(80,'Chinese cuisine'),
(81,'Turkish cuisine'),
(82,'Middle Eastern cuisine'),
(83,'Italian cuisine'),
(84,'Argentinian cuisine'),
(85,'Croatian cuisine'),
(86,'Brazilian cuisine'),
(87,'Indian cuisine'),
(88,'Thai cuisine'),
(89,'Portuguese cuisine'),
(90,'American cuisine'),
(91,'Asian cuisine'),
(92,'French cuisine'),
(93,'Greek cuisine'),
(94,'Chinese cuisine'),
(95,'Turkish cuisine'),
(96,'Middle Eastern cuisine'),
(97,'Indonesian cuisine'),
(98,'Argentinian cuisine'),
(99,'Mexican cuisine'),
(100,'Brazilian cuisine'),
(1,'Italian cuisine'),
(3,'Chinese cuisine'),
(3,'Korean cuisine'),
(5,'Korean cuisine'),
(9,'Indonesian cuisine'),
(17,'Portuguese cuisine'),
(14,'American cuisine'),
(26,'Turkish cuisine'),
(23,'Greek cuisine'),
(37,'Indonesian cuisine'),
(42,'Spanish cuisine'),
(50,'Portuguese cuisine'),
(52,'Argentinian cuisine'),
(52,'Croatian cuisine'),
(63,'Indonesian cuisine'),
(64,'Brazilian cuisine'),
(69,'Argentinian cuisine'),
(72,'Indonesian cuisine'),
(72,'Spanish cuisine'),
(73,'Croatian cuisine'),
(76,'Portuguese cuisine'),
(79,'Brazilian cuisine'),
(82,'Argentinian cuisine'),
(83,'Indonesian cuisine'),
(87,'Spanish cuisine'),
(87,'Croatian cuisine'),
(88,'Brazilian cuisine'),
(90,'Portuguese cuisine'),
(93,'Croatian cuisine'),
(94,'Argentinian cuisine'),
(94,'Croatian cuisine'),
(95,'Portuguese cuisine'),
(99,'Brazilian cuisine'),
(99,'Croatian cuisine'),
(100,'Indonesian cuisine')
;
#select cs.cuisine_nationality,count(*) from cook_specialty cs
#group by cuisine_nationality;

INSERT INTO recipe_ingredient VALUES
('Fluffy Pancakes','All-purpose flour','1 cup',121),
('Fluffy Pancakes','Baking powder','2 teaspoons',11),
('Fluffy Pancakes','Salt','1/2 teaspoon',3),
('Fluffy Pancakes','White sugar','2 tablespoons',25),
('Fluffy Pancakes','Milk','1 cup',241),
('Fluffy Pancakes','Egg','1 large',51),
('Tuna Salad Sandwich','Canned tuna','1 can (5 ounces)',141),
('Tuna Salad Sandwich','Mayonnaise','1/4 cup',61),
('Tuna Salad Sandwich','Celery','1 stalk',41),
('Tuna Salad Sandwich','Red onion','2 tablespoons',21),
('Tuna Salad Sandwich','Dill pickles','2 tablespoons',31),
('Tuna Salad Sandwich','Dijon mustard','1 tablespoon',15),
('Tuna Salad Sandwich','Lemon juice','1 tablespoon',15),
('Tuna Salad Sandwich','Salt',null,1),
('Tuna Salad Sandwich','Black pepper',null,1),
('Tuna Salad Sandwich','Bread slices',null,51),
('Avocado Toast','Avocado','1 medium',211),
('Avocado Toast','Bread slices','2 slices',51),
('Avocado Toast','Cherry tomatoes','1/2 cup',75),
('Avocado Toast','Red pepper flakes',null,1),
('Avocado Toast','Salt',null,1),
('Avocado Toast','Black pepper',null,1),
('Chocolate Chip Cookies','All-purpose flour','2 1/4 cups',271),
('Chocolate Chip Cookies','Baking soda','1 teaspoon',5),
('Chocolate Chip Cookies','Salt','1/2 teaspoon',3),
('Chocolate Chip Cookies','Unsalted butter','1 cup',226),
('Chocolate Chip Cookies','Granulated sugar','3/4 cup',151),
('Chocolate Chip Cookies','Brown sugar','3/4 cup',151),
('Chocolate Chip Cookies','Vanilla extract','1 teaspoon',5),
('Chocolate Chip Cookies','Eggs','2 large',111),
('Chocolate Chip Cookies','Chocolate chips','2 cups',351),
('Chicken Caesar Salad','Romaine lettuce','1 head',511),
('Chicken Caesar Salad','Grilled chicken breast','2 breasts',411),
('Chicken Caesar Salad','Caesar dressing','1/2 cup',121),
('Chicken Caesar Salad','Parmesan cheese','1/2 cup',51),
('Chicken Caesar Salad','Croutons','1 cup',111),
('Chicken Caesar Salad','Lemon wedges',null,1),
('Lemon Bars','All-purpose flour','1 cup',121),
('Lemon Bars','Confectioners sugar',null,1),
('Lemon Bars','Unsalted butter','1/2 cup',113),
('Lemon Bars','Granulated sugar','1/4 cup',51),
('Lemon Bars','Lemon juice','1/4 cup',61),
('Lemon Bars','Lemon zest','from 2 lemons',5),
('Lemon Bars','Eggs','2 large',121),
('Blueberry Muffins','All-purpose flour','2 cups',241),
('Blueberry Muffins','Baking powder','2 teaspoons',11),
('Blueberry Muffins','Salt','1/2 teaspoon',3),
('Blueberry Muffins','Unsalted butter','1/2 cup',113),
('Blueberry Muffins','Granulated sugar','3/4 cup',151),
('Blueberry Muffins','Eggs','2 large',121),
('Blueberry Muffins','Milk','1/2 cup',121),
('Blueberry Muffins','Vanilla extract','1 teaspoon',5),
('Blueberry Muffins','Blueberries','1 1/2 cups',225),
('Chicken Noodle Soup','Chicken breasts','2',411),
('Chicken Noodle Soup','Olive oil','1 tablespoon',15),
('Chicken Noodle Soup','Onion','1 large',151),
('Chicken Noodle Soup','Carrots','2',151),
('Chicken Noodle Soup','Celery','2 stalks',111),
('Chicken Noodle Soup','Garlic','3 cloves',11),
('Chicken Noodle Soup','Chicken broth','8 cups',1921),
('Chicken Noodle Soup','Egg noodles','2 cups',241),
('Chicken Noodle Soup','Salt',null,1),
('Chicken Noodle Soup','Black pepper',null,1),
('Chicken Noodle Soup','Fresh parsley',null,1),
('Chicken Caesar Wrap','Flour tortillas','4 large',321),
('Chicken Caesar Wrap','Grilled chicken breast','2 breasts',411),
('Chicken Caesar Wrap','Romaine lettuce','2 cups',111),
('Chicken Caesar Wrap','Caesar dressing','1/2 cup',121),
('Chicken Caesar Wrap','Parmesan cheese','1/2 cup',51),
('Chicken Caesar Wrap','Croutons','1 cup',111),
('Lemon Ricotta Pancakes','All-purpose flour','1 1/2 cups',181),
('Lemon Ricotta Pancakes','Baking powder','1 tablespoon',6),
('Lemon Ricotta Pancakes','Salt','1/2 teaspoon',3),
('Lemon Ricotta Pancakes','Granulated sugar','2 tablespoons',25),
('Lemon Ricotta Pancakes','Ricotta cheese','1 cup',251),
('Lemon Ricotta Pancakes','Milk','1 cup',241),
('Lemon Ricotta Pancakes','Lemon zest','from 1 lemon',1),
('Lemon Ricotta Pancakes','Eggs','2 large',121),
('Apple Pie','All-purpose flour','2 cups',241),
('Apple Pie','Salt','1/2 teaspoon',3),
('Apple Pie','Unsalted butter','3/4 cup',171),
('Apple Pie','Ice water','6 tablespoons',91),
('Apple Pie','Apples','6 cups',911),
('Apple Pie','Granulated sugar','1/2 cup',111),
('Apple Pie','Brown sugar','1/2 cup',111),
('Apple Pie','Lemon juice','2 tablespoons',31),
('Apple Pie','Ground cinnamon','1 teaspoon',2),
('Apple Pie','Cornstarch','3 tablespoons',31),
('Apple Pie','Egg','1',51),
('Apple Pie','Demerara sugar',null,1),
('Chocolate Cake','All-purpose flour','2 cups',241),
('Chocolate Cake','Granulated sugar','2 cups',411),
('Chocolate Cake','Cocoa powder','3/4 cup',75),
('Chocolate Cake','Baking powder','2 teaspoons',11),
('Chocolate Cake','Baking soda','1 1/2 teaspoons',7),
('Chocolate Cake','Salt','1 teaspoon',6),
('Chocolate Cake','Eggs','2 large',121),
('Chocolate Cake','Milk','1 cup',241),
('Chocolate Cake','Vegetable oil','1/2 cup',121),
('Chocolate Cake','Vanilla extract','2 teaspoons',11),
('Chocolate Cake','Boiling water','1 cup',241),
('Key Lime Pie','Graham cracker crumbs','1 1/2 cups',151),
('Key Lime Pie','Granulated sugar','1/3 cup',65),
('Key Lime Pie','Unsalted butter','6 tablespoons',85),
('Key Lime Pie','Sweetened condensed milk','1 can (14 ounces)',396),
('Key Lime Pie','Key lime juice','1/2 cup',121),
('Key Lime Pie','Eggs','3 large',181),
('Key Lime Pie','Lime zest','from 2 limes',5),
('Red Velvet Cake','All-purpose flour','2 1/2 cups',311),
('Red Velvet Cake','Granulated sugar','1 1/2 cups',311),
('Red Velvet Cake','Cocoa powder','2 tablespoons',21),
('Red Velvet Cake','Baking soda','1 teaspoon',5),
('Red Velvet Cake','Salt','1 teaspoon',6),
('Red Velvet Cake','Buttermilk','1 cup',241),
('Red Velvet Cake','Vegetable oil','1 cup',241),
('Red Velvet Cake','Eggs','2 large',121),
('Red Velvet Cake','Red food coloring','2 tablespoons',31),
('Red Velvet Cake','White vinegar','1 teaspoon',5),
('Red Velvet Cake','Vanilla extract','1 teaspoon',5),
('Empanadas','All-purpose flour','3 cups',361),
('Empanadas','Salt','1 teaspoon',6),
('Empanadas','Unsalted butter','3/4 cup',171),
('Empanadas','Ice water','1/2 cup',121),
('Empanadas','Ground beef','1 pound',451),
('Empanadas','Onion','1 large',151),
('Empanadas','Red bell pepper','1',151),
('Empanadas','Green olives','1/2 cup',75),
('Empanadas','Raisins','1/4 cup',41),
('Empanadas','Hard-boiled eggs','2',121),
('Empanadas','Cumin','1 teaspoon',5),
('Empanadas','Paprika','1 teaspoon',5),
('Empanadas','Salt',null,1),
('Empanadas','Black pepper',null,1),
('Empanadas','Egg','1',51),
('Asado','Beef ribs','4 pounds',1811),
('Asado','Salt',null,1),
('Asado','Chimichurri sauce',null,5),
('Vegetable Stir-Fry','Mixed vegetables','4 cups',411),
('Vegetable Stir-Fry','Olive oil','2 tablespoons',31),
('Vegetable Stir-Fry','Garlic','2 cloves',8),
('Vegetable Stir-Fry','Soy sauce','1/4 cup',61),
('Vegetable Stir-Fry','Sesame oil','1 tablespoon',15),
('Vegetable Stir-Fry','Honey','1 tablespoon',21),
('Vegetable Stir-Fry','Rice vinegar','1 tablespoon',15),
('Vegetable Stir-Fry','Cornstarch','1 tablespoon',11),
('Vegetable Stir-Fry','Water','1/4 cup',61),
('Vegetable Stir-Fry','Salt',null,1),
('Vegetable Stir-Fry','Black pepper',null,1),
('Brigadeiro','Sweetened condensed milk','1 can (14 ounces)',396),
('Brigadeiro','Cocoa powder','1/4 cup',25),
('Brigadeiro','Butter','1 tablespoon',14),
('Brigadeiro','Chocolate sprinkles',null,21),
('Feijoada','Black beans','1 pound',451),
('Feijoada','Smoked pork ribs','1 pound',451),
('Feijoada','Smoked sausage (linguiça)','1 pound',451),
('Feijoada','Bacon','1/2 pound',225),
('Feijoada','Onion','1 large',151),
('Feijoada','Garlic','4 cloves',21),
('Feijoada','Bay leaves','2',1),
('Feijoada','Salt',null,1),
('Feijoada','Black pepper',null,1),
('Feijoada','Orange','1',121),
('Feijoada','Farofa',null,61),
('Feijoada','Rice',null,211),
('Scones','All-purpose flour','2 cups',241),
('Scones','Granulated sugar','1/3 cup',65),
('Scones','Baking powder','1 tablespoon',6),
('Scones','Salt','1/2 teaspoon',3),
('Scones','Unsalted butter','1/2 cup',113),
('Scones','Heavy cream','1/2 cup',121),
('Scones','Eggs','1 large',61),
('Scones','Vanilla extract','1 teaspoon',5),
('Scones','Raisins','1/2 cup',81),
('Shepherds Pie','Potatoes','2 pounds',911),
('Shepherds Pie','Butter','4 tablespoons',56),
('Shepherds Pie','Milk','1/2 cup',121),
('Shepherds Pie','Salt',null,1),
('Shepherds Pie','Black pepper',null,1),
('Shepherds Pie','Olive oil','2 tablespoons',31),
('Shepherds Pie','Onion','1 large',151),
('Shepherds Pie','Carrots','2',151),
('Shepherds Pie','Garlic','2 cloves',8),
('Shepherds Pie','Ground beef','1 pound',451),
('Shepherds Pie','Tomato paste','2 tablespoons',31),
('Shepherds Pie','Worcestershire sauce','2 teaspoons',11),
('Shepherds Pie','Frozen peas','1 cup',151),
('Shepherds Pie','Frozen corn','1 cup',151),
('Beef Wellington','Beef tenderloin','2 pounds',911),
('Beef Wellington','Olive oil','2 tablespoons',31),
('Beef Wellington','Salt',null,1),
('Beef Wellington','Black pepper',null,1),
('Beef Wellington','Unsalted butter',null,28),
('Beef Wellington','Onion','1',151),
('Beef Wellington','Mushroom','8 ounces',225),
('Beef Wellington','Garlic','2 cloves',8),
('Beef Wellington','Thyme','1 tablespoon',5),
('Beef Wellington','Puff pastry','1 sheet',225),
('Beef Wellington','Prosciutto slices','8 ounces',225),
('Beef Wellington','Dijon mustard','2 tablespoons',31),
('Beef Wellington','Egg','1',61),
('Beef Stir-Fry','Beef sirloin','1 pound',451),
('Beef Stir-Fry','Soy sauce','1/4 cup',61),
('Beef Stir-Fry','Cornstarch','2 tablespoons',21),
('Beef Stir-Fry','Brown sugar','1 tablespoon',12),
('Beef Stir-Fry','Ginger','1 tablespoon',5),
('Beef Stir-Fry','Garlic','3 cloves',13),
('Beef Stir-Fry','Vegetable oil','2 tablespoons',31),
('Beef Stir-Fry','Bell peppers','2',211),
('Beef Stir-Fry','Broccoli florets','2 cups',211),
('Beef Stir-Fry','Carrot','1',111),
('Beef Stir-Fry','Green onions',null,21),
('Fritule','All-purpose flour','2 cups',241),
('Fritule','Sugar','1/4 cup',51),
('Fritule','Lemon zest','from 1 lemon',11),
('Fritule','Baking powder','1 teaspoon',5),
('Fritule','Rum','1 tablespoon',15),
('Fritule','Eggs','2 large',121),
('Fritule','Yogurt','1/2 cup',121),
('Fritule','Raisins','1/4 cup',41),
('Fritule','Vegetable oil',null,111),
('Pašticada','Beef chuck roast','3 pounds',1351),
('Pašticada','Bacon','4 slices',111),
('Pašticada','Onion','1 large',151),
('Pašticada','Garlic','3 cloves',14),
('Pašticada','Carrots','2',151),
('Pašticada','Red wine vinegar','1/4 cup',61),
('Pašticada','Red wine','1 cup',241),
('Pašticada','Tomato paste','2 tablespoons',31),
('Pašticada','Prunes','1/4 cup',51),
('Pašticada','Water','2 cups',481),
('Pašticada','Salt',null,1),
('Pašticada','Black pepper',null,1),
('Pašticada','Olive oil','2 tablespoons',31),
('Pašticada','Flour',null,31),
('Omelette','Eggs','4 large',241),
('Omelette','Milk','1/4 cup',61),
('Omelette','Salt',null,1),
('Omelette','Black pepper',null,1),
('Omelette','Butter','1 tablespoon',14),
('Omelette','Cheese',null,51),
('Spinach and Feta Quiche','Pie crust','1 (9-inch)',211),
('Spinach and Feta Quiche','Eggs','4 large',241),
('Spinach and Feta Quiche','Heavy cream','1 cup',241),
('Spinach and Feta Quiche','Salt',null,1),
('Spinach and Feta Quiche','Black pepper',null,1),
('Spinach and Feta Quiche','Spinach','2 cups',181),
('Spinach and Feta Quiche','Feta cheese','1 cup',151),
('Spinach and Feta Quiche','Onion','1 medium',111),
('Spinach and Feta Quiche','Garlic','2 cloves',11),
('Spinach and Feta Quiche','Olive oil','1 tablespoon',15),
('Croque Monsieur','Bread slices','8',241),
('Croque Monsieur','Ham slices','8 ounces',225),
('Croque Monsieur','Gruyère cheese','2 cups',211),
('Croque Monsieur','Butter','4 tablespoons',56),
('Croque Monsieur','Dijon mustard','2 tablespoons',31),
('Croque Monsieur','Milk','1/2 cup',121),
('Croque Monsieur','Nutmeg','a pinch',1),
('Croque Monsieur','Salt',null,1),
('Croque Monsieur','Black pepper',null,1),
('Chocolate Truffles','Heavy cream','1 cup',241),
('Chocolate Truffles','Dark chocolate','8 ounces',225),
('Chocolate Truffles','Unsalted butter','2 tablespoons',28),
('Chocolate Truffles','Cocoa powder',null,11),
('Ratatouille','Eggplant','1 medium',411),
('Ratatouille','Zucchini','2 medium',411),
('Ratatouille','Yellow bell pepper','1 large',211),
('Ratatouille','Red bell pepper','1 large',211),
('Ratatouille','Onion','1 large',151),
('Ratatouille','Garlic','3 cloves',14),
('Ratatouille','Tomato','2 large',411),
('Ratatouille','Tomato paste','2 tablespoons',31),
('Ratatouille','Olive oil','2 tablespoons',31),
('Ratatouille','Fresh thyme','1 tablespoon',5),
('Ratatouille','Fresh basil','1/4 cup',15),
('Ratatouille','Salt',null,1),
('Ratatouille','Black pepper',null,1),
('Croissant Bread Pudding','Croissants','6',311),
('Croissant Bread Pudding','Milk','2 cups',481),
('Croissant Bread Pudding','Heavy cream','1 cup',241),
('Croissant Bread Pudding','Eggs','4 large',241),
('Croissant Bread Pudding','Sugar','1 cup',211),
('Croissant Bread Pudding','Vanilla extract','2 teaspoons',11),
('Croissant Bread Pudding','Cinnamon','1 teaspoon',2),
('Croissant Bread Pudding','Salt','1/4 teaspoon',2),
('French Onion Soup','Yellow onions','3 pounds',1351),
('French Onion Soup','Butter','1/4 cup',56),
('French Onion Soup','Olive oil','2 tablespoons',31),
('French Onion Soup','Garlic','2 cloves',8),
('French Onion Soup','All-purpose flour','2 tablespoons',15),
('French Onion Soup','Beef broth','8 cups',1921),
('French Onion Soup','Red wine','1/2 cup',121),
('French Onion Soup','Bay leaves','2',2),
('French Onion Soup','Thyme','2 sprigs',3),
('French Onion Soup','Baguette',null,111),
('French Onion Soup','Gruyère cheese',null,111),
('Beef Bourguignon','Beef chuck roast','3 pounds',1351),
('Beef Bourguignon','Bacon','8 ounces',225),
('Beef Bourguignon','Carrots','4',311),
('Beef Bourguignon','Onion','1 large',151),
('Beef Bourguignon','Garlic','4 cloves',21),
('Beef Bourguignon','All-purpose flour','1/4 cup',31),
('Beef Bourguignon','Red wine','2 cups',481),
('Beef Bourguignon','Beef broth','2 cups',481),
('Beef Bourguignon','Tomato paste','2 tablespoons',31),
('Beef Bourguignon','Thyme','4 sprigs',6),
('Beef Bourguignon','Bay leaves','2',3),
('Beef Bourguignon','Salt',null,1),
('Beef Bourguignon','Black pepper',null,1),
('Beef Bourguignon','Olive oil','2 tablespoons',31),
('Cheese Soufflé','Unsalted butter',null,51),
('Cheese Soufflé','Grated Parmesan cheese',null,51),
('Cheese Soufflé','Butter','3 tablespoons',42),
('Cheese Soufflé','All-purpose flour','1/4 cup',31),
('Cheese Soufflé','Milk','1 cup',241),
('Cheese Soufflé','Gruyère cheese','1 cup',111),
('Cheese Soufflé','Eggs','4 large',241),
('Cheese Soufflé','Salt','1/4 teaspoon',2),
('Cheese Soufflé','Black pepper','1/8 teaspoon',1),
('Spanakopita','Phyllo dough','1 pound package',451),
('Spanakopita','Spinach','2 pounds',911),
('Spanakopita','Feta cheese','8 ounces',225),
('Spanakopita','Onion','1 large',151),
('Spanakopita','Garlic','4 cloves',21),
('Spanakopita','Olive oil','2 tablespoons',31),
('Spanakopita','Eggs','3 large',181),
('Spanakopita','Dill','1/4 cup',15),
('Spanakopita','Salt',null,1),
('Spanakopita','Black pepper',null,1),
('Gyro Wrap','Pita bread','4 rounds',211),
('Gyro Wrap','Gyro meat','1 pound',451),
('Gyro Wrap','Tzatziki sauce',null,121),
('Gyro Wrap','Lettuce',null,51),
('Gyro Wrap','Tomato',null,51),
('Gyro Wrap','Onion',null,51),
('Chicken Tikka Masala','Chicken breasts','2 pounds',911),
('Chicken Tikka Masala','Yogurt','1 cup',241),
('Chicken Tikka Masala','Lemon juice','2 tablespoons',31),
('Chicken Tikka Masala','Ginger','1 tablespoon',1),
('Chicken Tikka Masala','Garlic','4 cloves',21),
('Chicken Tikka Masala','Garam masala','2 tablespoons',11),
('Chicken Tikka Masala','Paprika','1 tablespoon',5),
('Chicken Tikka Masala','Ground turmeric','1 teaspoon',5),
('Chicken Tikka Masala','Ground cumin','1 teaspoon',5),
('Chicken Tikka Masala','Salt',null,1),
('Chicken Tikka Masala','Black pepper',null,1),
('Chicken Tikka Masala','Olive oil','2 tablespoons',31),
('Chicken Tikka Masala','Tomato sauce','2 cups',481),
('Chicken Tikka Masala','Heavy cream','1 cup',241),
('Chicken Tikka Masala','Fresh cilantro',null,1),
('Chicken Tikka Masala','Cooked rice',null,411),
('Nasi Goreng','Cooked rice','4 cups',811),
('Nasi Goreng','Chicken breasts','2',451),
('Nasi Goreng','Shrimp','1/2 pound',225),
('Nasi Goreng','Eggs','4 large',241),
('Nasi Goreng','Onion','1 large',151),
('Nasi Goreng','Garlic','4 cloves',21),
('Nasi Goreng','Carrot','1 large',151),
('Nasi Goreng','Green beans','1 cup',111),
('Nasi Goreng','Soy sauce','1/4 cup',61),
('Nasi Goreng','Ketchup','2 tablespoons',31),
('Nasi Goreng','Shrimp paste','1 tablespoon',11),
('Nasi Goreng','Vegetable oil','2 tablespoons',31),
('Nasi Goreng','Salt',null,1),
('Nasi Goreng','Black pepper',null,1),
('Nasi Goreng','Cucumber',null,51),
('Nasi Goreng','Fried shallots',null,51),
('Sate Ayam','Chicken breasts','2 pounds',911),
('Sate Ayam','Soy sauce','1/4 cup',61),
('Sate Ayam','Vegetable oil','2 tablespoons',31),
('Sate Ayam','Garlic','4 cloves',21),
('Sate Ayam','Ginger','1 tablespoon',5),
('Sate Ayam','Lemongrass','2 stalks',5),
('Sate Ayam','Turmeric powder','1 teaspoon',5),
('Sate Ayam','Brown sugar','2 tablespoons',25),
('Sate Ayam','Salt',null,1),
('Sate Ayam','Black pepper',null,1),
('Babi Guling','Pork belly','5 pounds',2251),
('Babi Guling','Garlic','6 cloves',1),
('Babi Guling','Shallots','4',81),
('Babi Guling','Turmeric','1 tablespoon',1),
('Babi Guling','Lemongrass','2 stalks',1),
('Babi Guling','Ginger','2 tablespoons',1),
('Babi Guling','Galangal','2 tablespoons',1),
('Babi Guling','Kaffir','4',3),
('Babi Guling','Coriander seeds','1 tablespoon',2),
('Babi Guling','Cumin seeds','1 tablespoon',2),
('Babi Guling','Salt',null,1),
('Babi Guling','Vegetable oil','2 tablespoons',31),
('Caprese Salad','Tomatoes','4',611),
('Caprese Salad','Fresh mozzarella cheese','8 ounces',225),
('Caprese Salad','Fresh basil leaves','1 cup',15),
('Caprese Salad','Balsamic ',null,1),
('Caprese Salad','Salt',null,1),
('Caprese Salad','Black pepper',null,1),
('Margherita Pizza','Pizza dough','1 pound',451),
('Margherita Pizza','Tomato sauce','1 cup',241),
('Margherita Pizza','Fresh mozzarella cheese','8 ounces',225),
('Margherita Pizza','Fresh basil leaves','1/2 cup',15),
('Margherita Pizza','Olive oil',null,45),
('Margherita Pizza','Salt',null,1),
('Margherita Pizza','Black pepper',null,1),
('Chicken Alfredo','Fettuccine pasta','1 pound',451),
('Chicken Alfredo','Chicken breasts','1 pound',451),
('Chicken Alfredo','Heavy cream','2 cups',481),
('Chicken Alfredo','Butter','4 tablespoons',56),
('Chicken Alfredo','Garlic','4 cloves',21),
('Chicken Alfredo','Parmesan cheese','1 cup',111),
('Chicken Alfredo','Salt',null,1),
('Chicken Alfredo','Black pepper',null,1),
('Chicken Alfredo','Parsley',null,1),
('Spaghetti Carbonara','Spaghetti pasta','1 pound',451),
('Spaghetti Carbonara','Bacon','8 ounces',225),
('Spaghetti Carbonara','Eggs','4 large',241),
('Spaghetti Carbonara','Parmesan cheese','1 cup',111),
('Spaghetti Carbonara','Black pepper',null,1),
('Spaghetti Carbonara','Salt',null,1),
('Margherita Flatbread','Flatbread','1',225),
('Margherita Flatbread','Tomato sauce','1/2 cup',121),
('Margherita Flatbread','Fresh mozzarella cheese','4 ounces',112),
('Margherita Flatbread','Fresh basil leaves','1/4 cup',15),
('Margherita Flatbread','Olive oil',null,31),
('Margherita Flatbread','Salt',null,1),
('Margherita Flatbread','Black pepper',null,1),
('Pesto Pasta','Linguine pasta','1 pound',451),
('Pesto Pasta','Fresh basil leaves','2 cups',31),
('Pesto Pasta','Pine nuts','1/4 cup',31),
('Pesto Pasta','Garlic','2 cloves',11),
('Pesto Pasta','Parmesan cheese','1/2 cup',51),
('Pesto Pasta','Olive oil','1/2 cup',121),
('Pesto Pasta','Salt',null,1),
('Pesto Pasta','Black pepper',null,1),
('Tiramisu','Ladyfingers','24',241),
('Tiramisu','Espresso coffee','1 1/2 cups',361),
('Tiramisu','Sugar','1/4 cup',51),
('Tiramisu','Mascarpone cheese','16 ounces',451),
('Tiramisu','Heavy cream','1 cup',241),
('Tiramisu','Cocoa powder',null,11),
('Shrimp Scampi','Linguine pasta','1 pound',451),
('Shrimp Scampi','Shrimp','1 pound',451),
('Shrimp Scampi','Garlic','4 cloves',21),
('Shrimp Scampi','Red pepper flakes','1/4 teaspoon',1),
('Shrimp Scampi','White wine','1/2 cup',121),
('Shrimp Scampi','Lemon juice','2 tablespoons',31),
('Shrimp Scampi','Butter','4 tablespoons',56),
('Shrimp Scampi','Olive oil','2 tablespoons',31),
('Shrimp Scampi','Salt',null,1),
('Shrimp Scampi','Black pepper',null,1),
('Shrimp Scampi','Parsley',null,1),
('Lemon Chicken Piccata','Chicken breasts','4',611),
('Lemon Chicken Piccata','All-purpose flour','1/2 cup',61),
('Lemon Chicken Piccata','Salt',null,1),
('Lemon Chicken Piccata','Black pepper',null,1),
('Lemon Chicken Piccata','Butter','4 tablespoons',56),
('Lemon Chicken Piccata','Olive oil','2 tablespoons',31),
('Lemon Chicken Piccata','Garlic','4 cloves',21),
('Lemon Chicken Piccata','Chicken broth','1 cup',241),
('Lemon Chicken Piccata','Lemon juice','1/4 cup',61),
('Lemon Chicken Piccata','Capers','1/4 cup',45),
('Lemon Chicken Piccata','Fresh parsley',null,1),
('Mushroom Risotto','Arborio rice','1 cup',211),
('Mushroom Risotto','Olive oil','2 tablespoons',31),
('Mushroom Risotto','Butter','2 tablespoons',28),
('Mushroom Risotto','Onion','1 medium',111),
('Mushroom Risotto','Garlic','2 cloves',11),
('Mushroom Risotto','White mushrooms','8 ounces',225),
('Mushroom Risotto','Chicken or vegetable broth','4 cups',961),
('Mushroom Risotto','Dry white wine','1/2 cup',121),
('Mushroom Risotto','Parmesan cheese','1/2 cup',51),
('Mushroom Risotto','Salt',null,1),
('Mushroom Risotto','Black pepper',null,1),
('Mushroom Risotto','Fresh parsley',null,1),
('Miso Soup','Dashi stock','4 cups',961),
('Miso Soup','Miso paste','1/4 cup',61),
('Miso Soup','Tofu','8 ounces',225),
('Miso Soup','Wakame seaweed','2 tablespoons',11),
('Miso Soup','Green onions',null,15),
('Sushi Rolls','Sushi rice','2 cups',451),
('Sushi Rolls','Nori seaweed sheets','4 sheets',11),
('Sushi Rolls','Sushi grade fish',null,511),
('Sushi Rolls','Avocado',null,111),
('Sushi Rolls','Cucumber',null,51),
('Sushi Rolls','Crab sticks',null,211),
('Sushi Rolls','Soy sauce',null,51),
('Sushi Rolls','Wasabi paste',null,5),
('Sushi Rolls','Pickled ginger',null,15),
('Beef Bulgogi','Beef sirloin','1 pound',451),
('Beef Bulgogi','Soy sauce','1/4 cup',61),
('Beef Bulgogi','Brown sugar','2 tablespoons',25),
('Beef Bulgogi','Sesame oil','1 tablespoon',15),
('Beef Bulgogi','Garlic','2 cloves',11),
('Beef Bulgogi','Ginger','1 tablespoon',4),
('Beef Bulgogi','Green onions','4',41),
('Beef Bulgogi','Sesame seeds','1 tablespoon',5),
('Beef Bulgogi','Black pepper',null,1),
('Beef Tacos','Ground beef','1 pound',451),
('Beef Tacos','Taco seasoning','1 packet',11),
('Beef Tacos','Onion','1 medium',111),
('Beef Tacos','Garlic','2 cloves',11),
('Beef Tacos','Tomato','2 medium',411),
('Beef Tacos','Lettuce','2 cups',61),
('Beef Tacos','Cheddar cheese','1 cup',111),
('Beef Tacos','Tortillas','8',321),
('Beef Tacos','Sour cream',null,51),
('Beef Tacos','Salsa',null,111),
('Beef Tacos','Guacamole',null,251),
('Huevos Rancheros','Corn tortillas','4',241),
('Huevos Rancheros','Eggs','4 large',241),
('Huevos Rancheros','Refried beans','1 cup',241),
('Huevos Rancheros','Tomato salsa','1 cup',241),
('Huevos Rancheros','Avocado','1',151),
('Huevos Rancheros','Jalapeño peppers',null,71),
('Huevos Rancheros','Cilantro',null,1),
('Chicken Quesadilla','Flour tortillas','4',321),
('Chicken Quesadilla','Chicken breasts','2',611),
('Chicken Quesadilla','Cheddar cheese','2 cups',211),
('Chicken Quesadilla','Onion','1 medium',111),
('Chicken Quesadilla','Bell pepper','1',211),
('Chicken Quesadilla','Olive oil','2 tablespoons',31),
('Chicken Quesadilla','Salt',null,1),
('Chicken Quesadilla','Black pepper',null,1),
('Chicken Quesadilla','Sour cream',null,1),
('Chicken Quesadilla','Salsa',null,151),
('Chicken Quesadilla','Guacamole',null,111),
('Chicken Enchiladas','Chicken breasts','2',611),
('Chicken Enchiladas','Enchilada sauce','2 cups',481),
('Chicken Enchiladas','Flour tortillas','8',641),
('Chicken Enchiladas','Cheddar cheese','2 cups',211),
('Chicken Enchiladas','Onion','1 medium',111),
('Chicken Enchiladas','Olive oil','2 tablespoons',31),
('Chicken Enchiladas','Salt',null,1),
('Chicken Enchiladas','Black pepper',null,1),
('Chicken Enchiladas','Sour cream',null,111),
('Chicken Enchiladas','Fresh cilantro',null,1),
('Falafel Wrap','Falafel','4 pieces',411),
('Falafel Wrap','Pita bread','4 rounds',361),
('Falafel Wrap','Hummus','1 cup',241),
('Falafel Wrap','Tomato','1',151),
('Falafel Wrap','Cucumber','1/2',75),
('Falafel Wrap','Lettuce','2 cups',61),
('Falafel Wrap','Red onion','1/2',51),
('Falafel Wrap','Tahini sauce',null,51),
('Falafel Wrap','Lemon wedges',null,1),
('Falafel','Chickpeas','2 cups',411),
('Falafel','Onion','1 medium',111),
('Falafel','Garlic','3 cloves',15),
('Falafel','Fresh parsley','1/2 cup',15),
('Falafel','Cumin','2 teaspoons',11),
('Falafel','Coriander','2 teaspoons',11),
('Falafel','Salt',null,1),
('Falafel','Black pepper',null,1),
('Falafel','Olive oil',null,15),
('Chicken Shawarma','Chicken thighs','1 pound',451),
('Chicken Shawarma','Greek yogurt','1/2 cup',121),
('Chicken Shawarma','Lemon juice','3 tablespoons',45),
('Chicken Shawarma','Garlic','4 cloves',21),
('Chicken Shawarma','Olive oil','2 tablespoons',31),
('Chicken Shawarma','Cumin','1 teaspoon',5),
('Chicken Shawarma','Paprika','1 teaspoon',5),
('Chicken Shawarma','Turmeric','1/2 teaspoon',3),
('Chicken Shawarma','Cinnamon','1/2 teaspoon',3),
('Chicken Shawarma','Salt',null,1),
('Chicken Shawarma','Black pepper',null,1),
('Chicken Shawarma','Pita bread',null,131),
('Chicken Shawarma','Tzatziki sauce',null,61),
('Chicken Shawarma','Tomato',null,151),
('Ameijoas à Bulhão Pato','Clams','2 pounds',911),
('Ameijoas à Bulhão Pato','Garlic','4 cloves',21),
('Ameijoas à Bulhão Pato','Olive oil','1/4 cup',61),
('Ameijoas à Bulhão Pato','White wine','1/2 cup',121),
('Ameijoas à Bulhão Pato','Fresh parsley','1/4 cup',15),
('Ameijoas à Bulhão Pato','Salt',null,1),
('Ameijoas à Bulhão Pato','Black pepper',null,1),
('Ameijoas à Bulhão Pato','Lemon wedges',null,1),
('Ameijoas à Bulhão Pato','Crusty bread',null,111),
('Pão de Ló','Eggs','6 large',361),
('Pão de Ló','Sugar','1 cup',211),
('Pão de Ló','All-purpose flour','1 cup',121),
('Pão de Ló','Cornstarch','1/2 cup',61),
('Pão de Ló','Baking powder','1 teaspoon',5),
('Pão de Ló','Salt',null,1),
('Pão de Ló','Vanilla extract','1 teaspoon',5),
('Queijadas de Sintra','Puff pastry','1 sheet',225),
('Queijadas de Sintra','Cream cheese','8 ounces',225),
('Queijadas de Sintra','Sugar','1 cup',211),
('Queijadas de Sintra','Eggs','2 large',121),
('Queijadas de Sintra','Lemon juice','2 tablespoons',31),
('Queijadas de Sintra','Cinnamon','1 teaspoon',5),
('Queijadas de Sintra','Lemon zest','1 lemon',15),
('Churros','Water','1 cup',241),
('Churros','Unsalted butter','1/2 cup',113),
('Churros','All-purpose flour','1 cup',121),
('Churros','Eggs','4 large',241),
('Churros','Sugar','1/4 cup',51),
('Churros','Salt','1/4 teaspoon',2),
('Churros','Vegetable oil',null,51),
('Churros','Cinnamon sugar',null,21),
('Paella','Chicken thighs','4',911),
('Paella','Chorizo sausage','8 ounces',225),
('Paella','Olive oil','1/4 cup',61),
('Paella','Onion','1 large',151),
('Paella','Bell pepper','1',211),
('Paella','Garlic','4 cloves',21),
('Paella','Arborio rice','2 cups',411),
('Paella','Saffron threads','1/2 teaspoon',3),
('Paella','Chicken broth','4 cups',961),
('Paella','Tomatoes','2 large',411),
('Paella','Green peas','1 cup',111),
('Paella','Lemon wedges',null,1),
('Chicken Pad Thai','Rice noodles','8 ounces',225),
('Chicken Pad Thai','Chicken breasts','1 pound',451),
('Chicken Pad Thai','Vegetable oil','2 tablespoons',31),
('Chicken Pad Thai','Garlic','4 cloves',21),
('Chicken Pad Thai','Eggs','2 large',121),
('Chicken Pad Thai','Bean sprouts','1 cup',71),
('Chicken Pad Thai','Green onions','1/2 cup',51),
('Chicken Pad Thai','Peanuts','1/4 cup',31),
('Chicken Pad Thai','Lime wedges',null,1),
('Chicken Pad Thai','Cilantro',null,1),
('Pad See Ew','Wide rice noodles','8 ounces',225),
('Pad See Ew','Chicken breasts','1 pound',451),
('Pad See Ew','Broccoli florets','2 cups',181),
('Pad See Ew','Vegetable oil','2 tablespoons',31),
('Pad See Ew','Garlic','4 cloves',21),
('Pad See Ew','Eggs','2 large',121),
('Pad See Ew','Soy sauce','1/4 cup',61),
('Pad See Ew','Oyster sauce','2 tablespoons',31),
('Pad See Ew','Brown sugar','2 tablespoons',25),
('Pad See Ew','White pepper',null,1),
('Baklava','Phyllo dough','1 pound package',451),
('Baklava','Walnuts','2 cups',211),
('Baklava','Almonds','1 cup',111),
('Baklava','Sugar','1/2 cup',111),
('Baklava','Ground cinnamon','1 teaspoon',5),
('Baklava','Unsalted butter','1 cup',225),
('Baklava','Honey',null,15),
('Baklava','Lemon juice','1/4 cup',61),
('Croissant','All-purpose flour','3 1/2 cups',421),
('Croissant','Active dry yeast','2 1/4 teaspoons',7),
('Croissant','Sugar','1/4 cup',51),
('Croissant','Salt','1 teaspoon',5),
('Croissant','Milk','1 cup',241),
('Croissant','Unsalted butter','1 cup',225);

INSERT INTO recipe_label VALUES
('Spinach and Feta Quiche','1'),
('Spinach and Feta Quiche','2'),
('Beef Wellington','3'),
('Chocolate Chip Cookies','4'),
('Chicken Pad Thai','3'),
('Chicken Pad Thai','5'),
('Croissant','6'),
('Croissant','5'),
('Tiramisu','4'),
('Sushi Rolls','2'),
('Sushi Rolls','3'),
('Spanakopita','2'),
('Spanakopita','3'),
('Baklava','4'),
('Omelette',''),
('Omelette','6'),
('Margherita Pizza','3'),
('Chicken Caesar Salad','2'),
('Chicken Caesar Salad','7'),
('Apple Pie','4'),
('Beef Stir-Fry','5'),
('Beef Stir-Fry','3'),
('Chocolate Cake','4'),
('Falafel','5'),
('Falafel','3'),
('Lemon Bars','4'),
('Shrimp Scampi','3'),
('Beef Tacos','5'),
('Beef Tacos','3'),
('Croque Monsieur','7'),
('Chicken Enchiladas','3'),
('Blueberry Muffins','5'),
('Blueberry Muffins','6'),
('Pad See Ew','5'),
('Pad See Ew','3'),
('Shepherds Pie','3'),
('Tuna Salad Sandwich','7'),
('Tuna Salad Sandwich','5'),
('Miso Soup','3'),
('Miso Soup','2'),
('Key Lime Pie','4'),
('Chicken Tikka Masala','3'),
('Beef Bourguignon','3'),
('Cheese Soufflé','3'),
('Scones','6'),
('Scones','5'),
('Caprese Salad','7'),
('Caprese Salad','2'),
('Beef Bulgogi','3'),
('Chicken Noodle Soup','7'),
('Chicken Noodle Soup','2'),
('Chocolate Truffles','4'),
('Huevos Rancheros','1'),
('Huevos Rancheros','6'),
('Ratatouille','2'),
('Ratatouille','3'),
('Falafel Wrap','5'),
('Falafel Wrap','3'),
('Lemon Chicken Piccata','3'),
('Vegetable Stir-Fry','3'),
('Vegetable Stir-Fry','5'),
('Chicken Alfredo','3'),
('Croissant Bread Pudding','4'),
('Spaghetti Carbonara','3'),
('Chicken Shawarma','3'),
('Chicken Shawarma','5'),
('Red Velvet Cake','4'),
('Margherita Flatbread','3'),
('Gyro Wrap','3'),
('Gyro Wrap','5'),
('Pesto Pasta','3'),
('Chicken Caesar Wrap','7'),
('Chicken Caesar Wrap','5'),
('Mushroom Risotto','3'),
('Avocado Toast','6'),
('Avocado Toast','5'),
('Chicken Quesadilla','3'),
('Chicken Quesadilla','5'),
('French Onion Soup','3'),
('French Onion Soup','2'),
('Lemon Ricotta Pancakes','6'),
('Empanadas','2'),
('Empanadas','5'),
('Lemon Ricotta Pancakes','1'),
('Asado','3'),
('Brigadeiro','4'),
('Feijoada','3'),
('Fritule','4'),
('Pašticada','3'),
('Nasi Goreng','3'),
('Nasi Goreng','5'),
('Sate Ayam','3'),
('Sate Ayam','5'),
('Babi Guling','3'),
('Babi Guling','7'),
('Ameijoas à Bulhão Pato','3'),
('Pão de Ló','1'),
('Pão de Ló','4'),
('Queijadas de Sintra','1'),
('Queijadas de Sintra','4'),
('Churros','4'),
('Paella','3');

INSERT INTO recipies_meal_type VALUES
('Fluffy Pancakes','Breakfast'),
('Fluffy Pancakes','Brunch'),
('Spinach and Feta Quiche','Breakfast'),
('Spinach and Feta Quiche','Brunch'),
('Spinach and Feta Quiche','Lunch'),
('Beef Wellington','Dinner'),
('Chocolate Chip Cookies','Snack'),
('Chicken Pad Thai','Dinner'),
('Croissant','Breakfast'),
('Croissant','Brunch'),
('Tiramisu','Snack'),
('Sushi Rolls','Lunch'),
('Sushi Rolls','Dinner'),
('Spanakopita','Snack'),
('Spanakopita','Lunch'),
('Spanakopita','Dinner'),
('Baklava','Snack'),
('Omelette','Breakfast'),
('Omelette','Brunch'),
('Margherita Pizza','Dinner'),
('Chicken Caesar Salad','Lunch'),
('Chicken Caesar Salad','Dinner'),
('Apple Pie','Snack'),
('Beef Stir-Fry','Dinner'),
('Chocolate Cake','Snack'),
('Falafel','Snack'),
('Falafel','Lunch'),
('Falafel','Dinner'),
('Lemon Bars','Snack'),
('Shrimp Scampi','Dinner'),
('Beef Tacos','Dinner'),
('Croque Monsieur','Lunch'),
('Croque Monsieur','Dinner'),
('Chicken Enchiladas','Dinner'),
('Blueberry Muffins','Breakfast'),
('Blueberry Muffins','Brunch'),
('Blueberry Muffins','Snack'),
('Pad See Ew','Dinner'),
('Shepherds Pie','Dinner'),
('Tuna Salad Sandwich','Lunch'),
('Miso Soup','Dinner'),
('Miso Soup','Lunch'),
('Key Lime Pie','Snack'),
('Chicken Tikka Masala','Dinner'),
('Beef Bourguignon','Dinner'),
('Cheese Soufflé','Dinner'),
('Scones','Breakfast'),
('Scones','Brunch'),
('Scones','Snack'),
('Caprese Salad','Lunch'),
('Caprese Salad','Dinner'),
('Beef Bulgogi','Dinner'),
('Chicken Noodle Soup','Lunch'),
('Chicken Noodle Soup','Dinner'),
('Chocolate Truffles','Snack'),
('Huevos Rancheros','Breakfast'),
('Huevos Rancheros','Brunch'),
('Ratatouille','Dinner'),
('Falafel Wrap','Lunch'),
('Falafel Wrap','Dinner'),
('Lemon Chicken Piccata','Dinner'),
('Vegetable Stir-Fry','Dinner'),
('Chicken Alfredo','Dinner'),
('Croissant Bread Pudding','Snack'),
('Spaghetti Carbonara','Dinner'),
('Chicken Shawarma','Dinner'),
('Red Velvet Cake','Snack'),
('Margherita Flatbread','Lunch'),
('Margherita Flatbread','Dinner'),
('Gyro Wrap','Lunch'),
('Pesto Pasta','Dinner'),
('Chicken Caesar Wrap','Lunch'),
('Mushroom Risotto','Dinner'),
('Avocado Toast','Breakfast'),
('Avocado Toast','Brunch'),
('Avocado Toast','Snack'),
('Chicken Quesadilla','Lunch'),
('Chicken Quesadilla','Dinner'),
('French Onion Soup','Lunch'),
('French Onion Soup','Dinner'),
('Lemon Ricotta Pancakes','Breakfast'),
('Lemon Ricotta Pancakes','Brunch');
#select * from recipe_meal_type;

INSERT INTO recipe_step VALUES
('Fluffy Pancakes',1),
('Fluffy Pancakes',2),
('Fluffy Pancakes',3),
('Fluffy Pancakes',4),
('Fluffy Pancakes',5),
('Fluffy Pancakes',6),
('Fluffy Pancakes',7),
('Fluffy Pancakes',8),
('Fluffy Pancakes',9),
('Fluffy Pancakes',10),
('Fluffy Pancakes',11),
('Fluffy Pancakes',12),
('Fluffy Pancakes',13),
('Spinach and Feta Quiche',14),
('Spinach and Feta Quiche',15),
('Spinach and Feta Quiche',16),
('Spinach and Feta Quiche',17),
('Spinach and Feta Quiche',18),
('Spinach and Feta Quiche',19),
('Spinach and Feta Quiche',20),
('Spinach and Feta Quiche',21),
('Spinach and Feta Quiche',22),
('Spinach and Feta Quiche',23),
('Spinach and Feta Quiche',24),
('Beef Wellington',25),
('Beef Wellington',26),
('Beef Wellington',27),
('Beef Wellington',28),
('Beef Wellington',29),
('Beef Wellington',30),
('Beef Wellington',31),
('Beef Wellington',32),
('Beef Wellington',33),
('Chocolate Chip Cookies',34),
('Chocolate Chip Cookies',35),
('Chocolate Chip Cookies',36),
('Chocolate Chip Cookies',37),
('Chocolate Chip Cookies',38),
('Chocolate Chip Cookies',39),
('Chocolate Chip Cookies',40),
('Chocolate Chip Cookies',41),
('Chicken Pad Thai',42),
('Chicken Pad Thai',43),
('Chicken Pad Thai',44),
('Chicken Pad Thai',45),
('Chicken Pad Thai',46),
('Chicken Pad Thai',47),
('Chicken Pad Thai',48),
('Chicken Pad Thai',49),
('Chicken Pad Thai',50),
('Chicken Pad Thai',51),
('Chicken Pad Thai',52),
('Croissant',53),
('Croissant',54),
('Croissant',55),
('Croissant',56),
('Croissant',57),
('Croissant',58),
('Croissant',59),
('Croissant',60),
('Croissant',61),
('Croissant',62),
('Croissant',63),
('Croissant',64),
('Croissant',65),
('Croissant',66),
('Croissant',67),
('Croissant',68),
('Croissant',69),
('Tiramisu',70),
('Tiramisu',71),
('Tiramisu',72),
('Tiramisu',73),
('Tiramisu',74),
('Tiramisu',75),
('Tiramisu',76),
('Sushi Rolls',77),
('Sushi Rolls',78),
('Sushi Rolls',79),
('Sushi Rolls',80),
('Sushi Rolls',81),
('Spanakopita',82),
('Spanakopita',83),
('Spanakopita',84),
('Spanakopita',85),
('Spanakopita',86),
('Baklava',34),
('Baklava',88),
('Baklava',89),
('Baklava',90),
('Baklava',91),
('Baklava',92),
('Omelette',93),
('Omelette',94),
('Omelette',95),
('Omelette',96),
('Omelette',97),
('Omelette',98),
('Margherita Pizza',99),
('Margherita Pizza',100),
('Margherita Pizza',101),
('Margherita Pizza',102),
('Margherita Pizza',103),
('Margherita Pizza',104),
('Chicken Caesar Salad',105),
('Chicken Caesar Salad',106),
('Chicken Caesar Salad',107),
('Chicken Caesar Salad',108),
('Apple Pie',109),
('Apple Pie',110),
('Apple Pie',111),
('Apple Pie',112),
('Apple Pie',113),
('Apple Pie',114),
('Beef Stir-Fry',115),
('Beef Stir-Fry',116),
('Beef Stir-Fry',117),
('Beef Stir-Fry',118),
('Beef Stir-Fry',119),
('Chocolate Cake',120),
('Chocolate Cake',121),
('Chocolate Cake',122),
('Chocolate Cake',123),
('Chocolate Cake',124),
('Chocolate Cake',125),
('Chocolate Cake',126),
('Falafel',127),
('Falafel',128),
('Falafel',129),
('Falafel',130),
('Falafel',131),
('Lemon Bars',132),
('Lemon Bars',133),
('Lemon Bars',134),
('Lemon Bars',135),
('Lemon Bars',136),
('Lemon Bars',137),
('Lemon Bars',138),
('Lemon Bars',139),
('Shrimp Scampi',140),
('Shrimp Scampi',141),
('Shrimp Scampi',142),
('Shrimp Scampi',143),
('Shrimp Scampi',144),
('Shrimp Scampi',145),
('Shrimp Scampi',146),
('Beef Tacos',147),
('Beef Tacos',148),
('Beef Tacos',149),
('Beef Tacos',150),
('Croque Monsieur',66),
('Croque Monsieur',152),
('Croque Monsieur',153),
('Croque Monsieur',154),
('Croque Monsieur',155),
('Croque Monsieur',156),
('Chicken Enchiladas',157),
('Chicken Enchiladas',158),
('Chicken Enchiladas',159),
('Chicken Enchiladas',160),
('Chicken Enchiladas',161),
('Chicken Enchiladas',162),
('Blueberry Muffins',163),
('Blueberry Muffins',164),
('Blueberry Muffins',165),
('Blueberry Muffins',166),
('Blueberry Muffins',167),
('Blueberry Muffins',168),
('Pad See Ew',169),
('Pad See Ew',170),
('Pad See Ew',171),
('Pad See Ew',172),
('Pad See Ew',173),
('Pad See Ew',174),
('Pad See Ew',48),
('Pad See Ew',176),
('Pad See Ew',177),
('Shepherds Pie',66),
('Shepherds Pie',179),
('Shepherds Pie',180),
('Shepherds Pie',181),
('Shepherds Pie',182),
('Tuna Salad Sandwich',183),
('Tuna Salad Sandwich',184),
('Tuna Salad Sandwich',185),
('Tuna Salad Sandwich',186),
('Miso Soup',187),
('Miso Soup',188),
('Miso Soup',189),
('Miso Soup',190),
('Key Lime Pie',34),
('Key Lime Pie',192),
('Key Lime Pie',193),
('Key Lime Pie',194),
('Key Lime Pie',195),
('Key Lime Pie',196),
('Key Lime Pie',197),
('Chicken Tikka Masala',198),
('Chicken Tikka Masala',199),
('Chicken Tikka Masala',200),
('Chicken Tikka Masala',201),
('Chicken Tikka Masala',202),
('Chicken Tikka Masala',203),
('Beef Bourguignon',204),
('Beef Bourguignon',205),
('Beef Bourguignon',206),
('Beef Bourguignon',207),
('Beef Bourguignon',208),
('Beef Bourguignon',209),
('Beef Bourguignon',210),
('Cheese Soufflé',66),
('Cheese Soufflé',212),
('Cheese Soufflé',213),
('Cheese Soufflé',214),
('Cheese Soufflé',215),
('Cheese Soufflé',216),
('Cheese Soufflé',217),
('Cheese Soufflé',218),
('Cheese Soufflé',219),
('Scones',220),
('Scones',221),
('Scones',134),
('Scones',223),
('Scones',224),
('Scones',225),
('Scones',226),
('Scones',227),
('Caprese Salad',228),
('Caprese Salad',229),
('Caprese Salad',230),
('Caprese Salad',231),
('Caprese Salad',232),
('Beef Bulgogi',233),
('Beef Bulgogi',234),
('Beef Bulgogi',235),
('Beef Bulgogi',236),
('Chicken Noodle Soup',237),
('Chicken Noodle Soup',238),
('Chicken Noodle Soup',239),
('Chicken Noodle Soup',240),
('Chocolate Truffles',241),
('Chocolate Truffles',242),
('Chocolate Truffles',243),
('Chocolate Truffles',244),
('Huevos Rancheros',245),
('Huevos Rancheros',246),
('Huevos Rancheros',247),
('Huevos Rancheros',248),
('Ratatouille',249),
('Ratatouille',250),
('Ratatouille',251),
('Ratatouille',252),
('Ratatouille',253),
('Falafel Wrap',254),
('Falafel Wrap',255),
('Falafel Wrap',256),
('Falafel Wrap',257),
('Lemon Chicken Piccata',258),
('Lemon Chicken Piccata',259),
('Lemon Chicken Piccata',260),
('Lemon Chicken Piccata',261),
('Lemon Chicken Piccata',262),
('Lemon Chicken Piccata',263),
('Lemon Chicken Piccata',264),
('Lemon Chicken Piccata',265),
('Vegetable Stir-Fry',116),
('Vegetable Stir-Fry',267),
('Vegetable Stir-Fry',268),
('Vegetable Stir-Fry',269),
('Vegetable Stir-Fry',270),
('Chicken Alfredo',140),
('Chicken Alfredo',272),
('Chicken Alfredo',273),
('Chicken Alfredo',274),
('Chicken Alfredo',261),
('Chicken Alfredo',276),
('Chicken Alfredo',277),
('Chicken Alfredo',278),
('Chicken Alfredo',279),
('Croissant Bread Pudding',34),
('Croissant Bread Pudding',281),
('Croissant Bread Pudding',282),
('Croissant Bread Pudding',283),
('Croissant Bread Pudding',284),
('Croissant Bread Pudding',285),
('Spaghetti Carbonara',286),
('Spaghetti Carbonara',287),
('Spaghetti Carbonara',288),
('Spaghetti Carbonara',289),
('Spaghetti Carbonara',290),
('Spaghetti Carbonara',291),
('Spaghetti Carbonara',292),
('Chicken Shawarma',293),
('Chicken Shawarma',294),
('Chicken Shawarma',295),
('Chicken Shawarma',296),
('Red Velvet Cake',34),
('Red Velvet Cake',298),
('Red Velvet Cake',299),
('Red Velvet Cake',300),
('Red Velvet Cake',301),
('Red Velvet Cake',302),
('Red Velvet Cake',125),
('Red Velvet Cake',126),
('Margherita Flatbread',305),
('Margherita Flatbread',306),
('Margherita Flatbread',101),
('Margherita Flatbread',102),
('Margherita Flatbread',309),
('Margherita Flatbread',310),
('Gyro Wrap',311),
('Gyro Wrap',312),
('Gyro Wrap',313),
('Pesto Pasta',140),
('Pesto Pasta',315),
('Pesto Pasta',316),
('Pesto Pasta',317),
('Chicken Caesar Wrap',318),
('Chicken Caesar Wrap',319),
('Chicken Caesar Wrap',320),
('Chicken Caesar Wrap',321),
('Mushroom Risotto',322),
('Mushroom Risotto',323),
('Mushroom Risotto',324),
('Mushroom Risotto',325),
('Mushroom Risotto',326),
('Mushroom Risotto',327),
('Mushroom Risotto',328),
('Mushroom Risotto',329),
('Avocado Toast',330),
('Avocado Toast',331),
('Avocado Toast',332),
('Avocado Toast',333),
('Chicken Quesadilla',334),
('Chicken Quesadilla',335),
('Chicken Quesadilla',336),
('Chicken Quesadilla',337),
('Chicken Quesadilla',338),
('Chicken Quesadilla',339),
('French Onion Soup',340),
('French Onion Soup',341),
('French Onion Soup',342),
('French Onion Soup',343),
('French Onion Soup',344),
('French Onion Soup',345),
('French Onion Soup',346),
('French Onion Soup',347),
('French Onion Soup',348),
('Lemon Ricotta Pancakes',349),
('Lemon Ricotta Pancakes',350),
('Lemon Ricotta Pancakes',351),
('Lemon Ricotta Pancakes',352),
('Lemon Ricotta Pancakes',353),
('Lemon Ricotta Pancakes',354),
('Pão de Ló',355),
('Pão de Ló',356),
('Pão de Ló',357),
('Pão de Ló',358),
('Pão de Ló',359),
('Pão de Ló',360),
('Pão de Ló',361),
('Ameijoas à Bulhão Pato',362),
('Ameijoas à Bulhão Pato',363),
('Ameijoas à Bulhão Pato',364),
('Ameijoas à Bulhão Pato',365),
('Ameijoas à Bulhão Pato',366),
('Ameijoas à Bulhão Pato',367),
('Queijadas de Sintra',368),
('Queijadas de Sintra',369),
('Queijadas de Sintra',370),
('Queijadas de Sintra',371),
('Queijadas de Sintra',372),
('Queijadas de Sintra',373),
('Queijadas de Sintra',374),
('Queijadas de Sintra',375),
('Queijadas de Sintra',376),
('Nasi Goreng',377),
('Nasi Goreng',378),
('Nasi Goreng',379),
('Nasi Goreng',380),
('Nasi Goreng',381),
('Nasi Goreng',382),
('Nasi Goreng',383),
('Nasi Goreng',384),
('Sate Ayam',385),
('Sate Ayam',386),
('Sate Ayam',387),
('Sate Ayam',388),
('Sate Ayam',389),
('Sate Ayam',390),
('Babi Guling',391),
('Babi Guling',392),
('Babi Guling',393),
('Babi Guling',394),
('Babi Guling',395),
('Babi Guling',396),
('Babi Guling',397),
('Babi Guling',398),
('Paella',399),
('Paella',400),
('Paella',401),
('Paella',402),
('Paella',403),
('Paella',404),
('Paella',405),
('Paella',406),
('Paella',407),
('Churros',408),
('Churros',409),
('Churros',410),
('Churros',411),
('Churros',412),
('Churros',413),
('Churros',414),
('Asado',415),
('Asado',416),
('Asado',417),
('Asado',418),
('Asado',419),
('Empanadas',420),
('Empanadas',421),
('Empanadas',422),
('Empanadas',423),
('Empanadas',424),
('Empanadas',425),
('Empanadas',426),
('Empanadas',427),
('Empanadas',428),
('Feijoada',429),
('Feijoada',430),
('Feijoada',431),
('Feijoada',432),
('Feijoada',433),
('Feijoada',434),
('Brigadeiro',435),
('Brigadeiro',436),
('Brigadeiro',437),
('Brigadeiro',438),
('Brigadeiro',439),
('Pašticada',440),
('Pašticada',441),
('Pašticada',442),
('Pašticada',443),
('Pašticada',444),
('Fritule',445),
('Fritule',446),
('Fritule',447),
('Fritule',448),
('Fritule',449),
('Fritule',450),
('Fritule',451);

INSERT INTO recipe_theme VALUES
('Fluffy Pancakes','Sweet Treats'),
('Spinach and Feta Quiche','Savory Main Dishes'),
('Beef Wellington','Savory Main Dishes'),
('Chocolate Chip Cookies','Sweet Treats'),
('Chicken Pad Thai','Savory Main Dishes'),
('Croissant','Baked Goods'),
('Tiramisu','Sweet Treats'),
('Sushi Rolls','Small bites'),
('Spanakopita','Traditional Recipes'),
('Baklava','Sweet Treats'),
('Omelette','Savory Main Dishes'),
('Margherita Pizza','Traditional Recipes'),
('Chicken Caesar Salad','Savory Main Dishes'),
('Apple Pie','Sweet Treats'),
('Beef Stir-Fry','Savory Main Dishes'),
('Chocolate Cake','Sweet Treats'),
('Falafel','Small bites'),
('Lemon Bars','Sweet Treats'),
('Shrimp Scampi','Savory Main Dishes'),
('Beef Tacos','Traditional Recipes'),
('Croque Monsieur','Savory Main Dishes'),
('Chicken Enchiladas','Traditional Recipes'),
('Blueberry Muffins','Sweet Treats'),
('Pad See Ew','Traditional Recipes'),
('Shepherds Pie','Traditional Recipes'),
('Tuna Salad Sandwich','Wraps and Sandwiches'),
('Miso Soup','Soups'),
('Key Lime Pie','Sweet Treats'),
('Chicken Tikka Masala','Traditional Recipes'),
('Beef Bourguignon','Traditional Recipes'),
('Cheese Soufflé','Savory Main Dishes'),
('Scones','Baked Goods'),
('Caprese Salad','Traditional Recipes'),
('Beef Bulgogi','Traditional Recipes'),
('Chicken Noodle Soup','Soups'),
('Chocolate Truffles','Sweet Treats'),
('Huevos Rancheros','Traditional Recipes'),
('Ratatouille','Traditional Recipes'),
('Tiramisu','Sweet Treats'),
('Falafel Wrap','Wraps and Sandwiches'),
('Beef Wellington','Savory Main Dishes'),
('Lemon Chicken Piccata','Savory Main Dishes'),
('Vegetable Stir-Fry','Savory Main Dishes'),
('Chicken Alfredo','Traditional Recipes'),
('Croissant Bread Pudding','Baked Goods'),
('Spaghetti Carbonara','Traditional Recipes'),
('Chicken Shawarma','Wraps and Sandwiches'),
('Red Velvet Cake','Sweet Treats'),
('Margherita Flatbread','Traditional Recipes'),
('Gyro Wrap','Wraps and Sandwiches'),
('Pesto Pasta','Traditional Recipes'),
('Chicken Caesar Wrap','Wraps and Sandwiches'),
('Mushroom Risotto','Risotto Recipes'),
('Avocado Toast','Small bites'),
('Chicken Quesadilla','Wraps and Sandwiches'),
('French Onion Soup','Soups'),
('Lemon Ricotta Pancakes','Sweet Treats');

INSERT INTO recipe_tip VALUES
('Fluffy Pancakes','14'),
('Fluffy Pancakes','34'),
('Spinach and Feta Quiche','2'),
('Spinach and Feta Quiche','7'),
('Spinach and Feta Quiche','35'),
('Beef Wellington','3'),
('Beef Wellington','14'),
('Beef Wellington','5'),
('Chocolate Chip Cookies','2'),
('Chocolate Chip Cookies','15'),
('Chocolate Chip Cookies','14'),
('Chicken Pad Thai','4'),
('Chicken Pad Thai','15'),
('Chicken Pad Thai','36'),
('Croissant','5'),
('Croissant','16'),
('Croissant','37'),
('Tiramisu','6'),
('Tiramisu','17'),
('Tiramisu','38'),
('Sushi Rolls','7'),
('Sushi Rolls','4'),
('Sushi Rolls','37'),
('Spanakopita','8'),
('Spanakopita','2'),
('Spanakopita','35'),
('Baklava','3'),
('Baklava','7'),
('Baklava','20'),
('Omelette','3'),
('Omelette','15'),
('Omelette','37'),
('Margherita Pizza','7'),
('Margherita Pizza','20'),
('Margherita Pizza','40'),
('Chicken Caesar Salad','7'),
('Chicken Caesar Salad','15'),
('Chicken Caesar Salad','41'),
('Apple Pie','15'),
('Apple Pie','35'),
('Beef Stir-Fry','7'),
('Beef Stir-Fry','15'),
('Beef Stir-Fry','43'),
('Chocolate Cake','7'),
('Chocolate Cake','19'),
('Chocolate Cake','44'),
('Falafel','10'),
('Falafel','20'),
('Falafel','45'),
('Lemon Bars','11'),
('Lemon Bars','21'),
('Lemon Bars','46'),
('Shrimp Scampi','7'),
('Shrimp Scampi','4'),
('Shrimp Scampi','47'),
('Beef Tacos','7'),
('Beef Tacos','22'),
('Beef Tacos','15'),
('Croque Monsieur','7'),
('Croque Monsieur','1'),
('Croque Monsieur','49'),
('Chicken Enchiladas','4'),
('Chicken Enchiladas','23'),
('Chicken Enchiladas','50'),
('Blueberry Muffins','7'),
('Blueberry Muffins','24'),
('Blueberry Muffins','19'),
('Pad See Ew','7'),
('Pad See Ew','15'),
('Shepherds Pie','7'),
('Shepherds Pie','15'),
('Shepherds Pie','35'),
('Tuna Salad Sandwich','7'),
('Tuna Salad Sandwich','15'),
('Tuna Salad Sandwich','53'),
('Miso Soup','7'),
('Miso Soup','15'),
('Miso Soup','54'),
('Key Lime Pie','12'),
('Key Lime Pie','15'),
('Key Lime Pie','35'),
('Chicken Tikka Masala','7'),
('Chicken Tikka Masala','15'),
('Chicken Tikka Masala','56'),
('Beef Bourguignon','7'),
('Beef Bourguignon','1'),
('Beef Bourguignon','17'),
('Cheese Soufflé','7'),
('Cheese Soufflé','1'),
('Cheese Soufflé','57'),
('Scones','7'),
('Scones','1'),
('Scones','58'),
('Caprese Salad','7'),
('Caprese Salad','15'),
('Caprese Salad','59'),
('Beef Bulgogi','7'),
('Beef Bulgogi','15'),
('Beef Bulgogi','60'),
('Chicken Noodle Soup','7'),
('Chicken Noodle Soup','15'),
('Chicken Noodle Soup','35'),
('Chocolate Truffles','7'),
('Chocolate Truffles','27'),
('Chocolate Truffles','61'),
('Huevos Rancheros','7'),
('Huevos Rancheros','15'),
('Huevos Rancheros','62'),
('Ratatouille','7'),
('Ratatouille','1'),
('Ratatouille','63'),
('Falafel Wrap','10'),
('Falafel Wrap','1'),
('Falafel Wrap','64'),
('Lemon Chicken Piccata','7'),
('Lemon Chicken Piccata','15'),
('Lemon Chicken Piccata','66'),
('Vegetable Stir-Fry','7'),
('Vegetable Stir-Fry','15'),
('Vegetable Stir-Fry','67'),
('Chicken Alfredo','7'),
('Chicken Alfredo','15'),
('Chicken Alfredo','68'),
('Croissant Bread Pudding','2'),
('Croissant Bread Pudding','30'),
('Croissant Bread Pudding','1'),
('Spaghetti Carbonara','7'),
('Spaghetti Carbonara','15'),
('Spaghetti Carbonara','69'),
('Chicken Shawarma','7'),
('Chicken Shawarma','15'),
('Chicken Shawarma','70'),
('Red Velvet Cake','7'),
('Red Velvet Cake','1'),
('Red Velvet Cake','71'),
('Margherita Flatbread','7'),
('Margherita Flatbread','18'),
('Margherita Flatbread','40'),
('Gyro Wrap','7'),
('Gyro Wrap','15'),
('Gyro Wrap','64'),
('Pesto Pasta','7'),
('Pesto Pasta','15'),
('Pesto Pasta','72'),
('Chicken Caesar Wrap','7'),
('Chicken Caesar Wrap','15'),
('Chicken Caesar Wrap','41'),
('Mushroom Risotto','7'),
('Mushroom Risotto','1'),
('Mushroom Risotto','69'),
('Avocado Toast','7'),
('Avocado Toast','15'),
('Avocado Toast','73'),
('Chicken Quesadilla','7'),
('Chicken Quesadilla','15'),
('Chicken Quesadilla','74'),
('French Onion Soup','7'),
('French Onion Soup','1'),
('French Onion Soup','75'),
('Lemon Ricotta Pancakes','13'),
('Lemon Ricotta Pancakes','33'),
('Lemon Ricotta Pancakes','76'),
('Empanadas','11'),
('Empanadas','6'),
('Asado','60'),
('Asado','57'),
('Brigadeiro','17'),
('Brigadeiro','14'),
('Feijoada','17'),
('Feijoada','51'),
('Fritule','20'),
('Fritule','54'),
('Pašticada','25'),
('Pašticada','53'),
('Nasi Goreng','15'),
('Nasi Goreng','67'),
('Sate Ayam','65'),
('Sate Ayam','61'),
('Babi Guling','52'),
('Babi Guling','39'),
('Ameijoas à Bulhão Pato','47'),
('Ameijoas à Bulhão Pato','48'),
('Pão de Ló','13'),
('Pão de Ló','14'),
('Queijadas de Sintra','42'),
('Queijadas de Sintra','41'),
('Churros','20'),
('Churros','22'),
('Paella','18'),
('Paella','51');

INSERT INTO recipe_tool VALUES
('Fluffy Pancakes','Mixing Bowls'),
('Fluffy Pancakes','Measuring Cups and Spoons'),
('Fluffy Pancakes','Whisk'),
('Fluffy Pancakes','Wooden Spoon'),
('Fluffy Pancakes','Skillet/Frying Pan'),
('Fluffy Pancakes','Spatula '),
('Fluffy Pancakes','Oven Mitts '),
('Spinach and Feta Quiche','Chefs Knife'),
('Spinach and Feta Quiche','Cutting Board'),
('Spinach and Feta Quiche','Mixing Bowls'),
('Spinach and Feta Quiche','Whisk'),
('Spinach and Feta Quiche','Pie Dish '),
('Spinach and Feta Quiche','Rolling Pin '),
('Spinach and Feta Quiche','Baking Sheets'),
('Spinach and Feta Quiche','Skillet/Frying Pan '),
('Spinach and Feta Quiche','Spatula'),
('Spinach and Feta Quiche','Oven Mitts'),
('Spinach and Feta Quiche','Timer'),
('Spinach and Feta Quiche','Kitchen Scale '),
('Spinach and Feta Quiche','Pastry Brush '),
('Beef Wellington','Chefs Knife'),
('Beef Wellington','Cutting Board'),
('Beef Wellington','Rolling Pin'),
('Beef Wellington','Kitchen Twine'),
('Beef Wellington','Skillet/Frying Pan'),
('Beef Wellington','Baking Sheets'),
('Beef Wellington','Pastry Brush'),
('Beef Wellington','Meat Thermometer'),
('Beef Wellington','Timer'),
('Beef Wellington','Oven Mitts'),
('Chocolate Chip Cookies','Mixing Bowls'),
('Chocolate Chip Cookies','Measuring Cups and Spoons'),
('Chocolate Chip Cookies','Whisk '),
('Chocolate Chip Cookies','Spatula'),
('Chocolate Chip Cookies','Baking Sheets'),
('Chocolate Chip Cookies','Wooden Spoon'),
('Chocolate Chip Cookies','Oven Mitts'),
('Chocolate Chip Cookies','Timer'),
('Chicken Pad Thai','Chefs Knife'),
('Chicken Pad Thai','Cutting Board'),
('Chicken Pad Thai','Skillet/Frying Pan'),
('Chicken Pad Thai','Spatula'),
('Chicken Pad Thai','Mixing Bowls'),
('Chicken Pad Thai','Whisk'),
('Chicken Pad Thai','Measuring Cups and Spoons'),
('Chicken Pad Thai','Kitchen Shears '),
('Chicken Pad Thai','Saucepan '),
('Chicken Pad Thai','Colander '),
('Croissant','Chefs Knife'),
('Croissant','Cutting Board'),
('Croissant','Mixing Bowls'),
('Croissant','Measuring Cups and Spoons'),
('Croissant','Whisk'),
('Croissant','Wooden Spoon'),
('Croissant','Spatula'),
('Croissant','Rolling Pin'),
('Croissant','Baking Sheets'),
('Croissant','Pastry Brush'),
('Croissant','Oven Mitts'),
('Croissant','Timer'),
('Tiramisu','Mixing Bowls'),
('Tiramisu','Whisk'),
('Tiramisu','Measuring Cups and Spoons'),
('Tiramisu','Spatula'),
('Tiramisu','Chefs Knife'),
('Tiramisu','Cutting Board'),
('Tiramisu','Pie dish'),
('Tiramisu','Sieve '),
('Tiramisu','Pastry Brush '),
('Tiramisu','Oven Mitts'),
('Tiramisu','Timer'),
('Sushi Rolls','Chefs Knife'),
('Sushi Rolls','Cutting Board'),
('Sushi Rolls','Mixing Bowls'),
('Sushi Rolls','Measuring Cups and Spoons'),
('Sushi Rolls','Wooden Spoon'),
('Sushi Rolls','Spatula'),
('Sushi Rolls','Rolling Pin'),
('Sushi Rolls','Skillet/Frying Pan '),
('Sushi Rolls','Blender '),
('Sushi Rolls','Food Processor '),
('Sushi Rolls','Grater '),
('Sushi Rolls','Colander'),
('Sushi Rolls','Pastry Brush '),
('Sushi Rolls','Kitchen Scale '),
('Sushi Rolls','Timer'),
('Spanakopita','Chefs Knife'),
('Spanakopita','Cutting Board'),
('Spanakopita','Mixing Bowls'),
('Spanakopita','Measuring Cups and Spoons'),
('Spanakopita','Wooden Spoon'),
('Spanakopita','Spatula'),
('Spanakopita','Baking Sheets'),
('Spanakopita','Pastry Brush'),
('Spanakopita','Oven Mitts'),
('Spanakopita','Timer'),
('Baklava','Chefs Knife'),
('Baklava','Cutting Board'),
('Baklava','Mixing Bowls'),
('Baklava','Measuring Cups and Spoons'),
('Baklava','Wooden Spoon'),
('Baklava','Baking Sheets'),
('Baklava','Pastry Brush'),
('Baklava','Oven Mitts'),
('Baklava','Timer'),
('Omelette','Chefs Knife'),
('Omelette','Cutting Board'),
('Omelette','Mixing Bowls'),
('Omelette','Measuring Cups and Spoons'),
('Omelette','Whisk'),
('Omelette','Skillet/Frying Pan'),
('Omelette','Spatula'),
('Omelette','Oven Mitts'),
('Omelette','Timer'),
('Margherita Pizza','Chefs Knife'),
('Margherita Pizza','Cutting Board'),
('Margherita Pizza','Mixing Bowls'),
('Margherita Pizza','Measuring Cups and Spoons'),
('Margherita Pizza','Wooden Spoon'),
('Margherita Pizza','Rolling Pin'),
('Margherita Pizza','Baking Sheets'),
('Margherita Pizza','Skillet/Frying Pan '),
('Margherita Pizza','Oven Mitts'),
('Margherita Pizza','Timer'),
('Chicken Caesar Salad','Chefs Knife'),
('Chicken Caesar Salad','Cutting Board'),
('Chicken Caesar Salad','Mixing Bowls'),
('Chicken Caesar Salad','Measuring Cups and Spoons'),
('Chicken Caesar Salad','Whisk'),
('Chicken Caesar Salad','Wooden Spoon'),
('Chicken Caesar Salad','Skillet/Frying Pan '),
('Chicken Caesar Salad','Salad Spinner '),
('Chicken Caesar Salad','Tongs '),
('Apple Pie','Chefs Knife'),
('Apple Pie','Cutting Board'),
('Apple Pie','Mixing Bowls'),
('Apple Pie','Measuring Cups and Spoons'),
('Apple Pie','Rolling Pin'),
('Apple Pie','Baking Sheets'),
('Apple Pie','Pastry Brush'),
('Apple Pie','Oven Mitts'),
('Apple Pie','Timer'),
('Beef Stir-Fry','Chefs Knife'),
('Beef Stir-Fry','Cutting Board'),
('Beef Stir-Fry','Mixing Bowls'),
('Beef Stir-Fry','Measuring Cups and Spoons'),
('Beef Stir-Fry','Skillet/Frying Pan'),
('Beef Stir-Fry','Wooden Spoon'),
('Beef Stir-Fry','Tongs'),
('Chocolate Cake','Chefs Knife'),
('Chocolate Cake','Cutting Board'),
('Chocolate Cake','Mixing Bowls'),
('Chocolate Cake','Measuring Cups and Spoons'),
('Chocolate Cake','Whisk '),
('Chocolate Cake','Spatula'),
('Chocolate Cake','Pie dish'),
('Chocolate Cake','Pastry Brush '),
('Chocolate Cake','Oven Mitts'),
('Chocolate Cake','Timer'),
('Falafel','Food Processor'),
('Falafel','Chefs Knife'),
('Falafel','Cutting Board'),
('Falafel','Mixing Bowls'),
('Falafel','Measuring Cups and Spoons'),
('Falafel','Skillet/Frying Pan'),
('Falafel','Spatula'),
('Falafel','Kitchen Scale '),
('Falafel','Pastry Brush '),
('Falafel','Oven Mitts'),
('Falafel','Timer'),
('Lemon Bars','Chefs Knife'),
('Lemon Bars','Cutting Board'),
('Lemon Bars','Mixing Bowls'),
('Lemon Bars','Measuring Cups and Spoons'),
('Lemon Bars','Whisk'),
('Lemon Bars','Pie dish'),
('Lemon Bars','Baking Sheets'),
('Lemon Bars','Spatula'),
('Lemon Bars','Oven Mitts'),
('Lemon Bars','Timer'),
('Shrimp Scambi','Chefs Knife'),
('Shrimp Scambi','Cutting Board'),
('Shrimp Scambi','Mixing Bowls'),
('Shrimp Scambi','Measuring Cups and Spoons'),
('Shrimp Scambi','Skillet/Frying Pan'),
('Shrimp Scambi','Wooden Spoon'),
('Shrimp Scambi','Tongs'),
('Shrimp Scambi','Kitchen Scale '),
('Shrimp Scambi','Oven Mitts '),
('Shrimp Scambi','Timer'),
('Beef Tacos','Chefs Knife'),
('Beef Tacos','Cutting Board'),
('Beef Tacos','Mixing Bowls'),
('Beef Tacos','Measuring Cups and Spoons'),
('Beef Tacos','Skillet/Frying Pan'),
('Beef Tacos','Wooden Spoon'),
('Beef Tacos','Tongs'),
('Croque Monsieur','Chefs Knife'),
('Croque Monsieur','Cutting Board'),
('Croque Monsieur','Skillet/Frying Pan'),
('Croque Monsieur','Spatula'),
('Croque Monsieur','Mixing Bowls  '),
('Croque Monsieur','Whisk '),
('Croque Monsieur','Oven Mitts'),
('Croque Monsieur','Baking Sheets'),
('Croque Monsieur','Timer'),
('Chicken Enchiladas','Chefs Knife'),
('Chicken Enchiladas','Cutting Board'),
('Chicken Enchiladas','Mixing Bowls'),
('Chicken Enchiladas','Measuring Cups and Spoons'),
('Chicken Enchiladas','Skillet/Frying Pan'),
('Chicken Enchiladas','Wooden Spoon'),
('Chicken Enchiladas','Baking Dish'),
('Chicken Enchiladas','Oven Mitts'),
('Chicken Enchiladas','Timer'),
('Blueberry Muffins','Mixing Bowls'),
('Blueberry Muffins','Measuring Cups and Spoons'),
('Blueberry Muffins','Whisk'),
('Blueberry Muffins','Spatula'),
('Blueberry Muffins','Muffin Tin'),
('Blueberry Muffins','Oven Mitts'),
('Blueberry Muffins','Timer'),
('Pad See Ew','Chefs Knife'),
('Pad See Ew','Cutting Board'),
('Pad See Ew','Skillet/Frying Pan'),
('Pad See Ew','Tongs '),
('Pad See Ew','Mixing Bowls'),
('Pad See Ew','Measuring Cups and Spoons'),
('Pad See Ew','Wooden Spoon'),
('Pad See Ew','Kitchen Scale '),
('Pad See Ew','Timer'),
('Shepherds Pire','Chefs Knife'),
('Shepherds Pire','Cutting Board'),
('Shepherds Pire','Skillet/Frying Pan'),
('Shepherds Pire','Wooden Spoon'),
('Shepherds Pire','Mixing Bowls'),
('Shepherds Pire','Measuring Cups and Spoons'),
('Shepherds Pire','Baking Dish'),
('Shepherds Pire','Hand Mixer'),
('Shepherds Pire','Oven Mitts'),
('Shepherds Pire','Timer'),
('Tuna Salad Sandwich','Chefs Knife'),
('Tuna Salad Sandwich','Cutting Board'),
('Tuna Salad Sandwich','Mixing Bowls'),
('Tuna Salad Sandwich','Measuring Cups and Spoons'),
('Tuna Salad Sandwich','Wooden Spoon'),
('Miso Soup','Chefs Knife'),
('Miso Soup','Cutting Board'),
('Miso Soup','Stockpot'),
('Miso Soup','Wooden Spoon'),
('Miso Soup','Mixing Bowls '),
('Miso Soup','Measuring Cups and Spoons'),
('Miso Soup','Timer'),
('Key Lime Pie','Chefs Knife'),
('Key Lime Pie','Cutting Board'),
('Key Lime Pie','Mixing Bowls'),
('Key Lime Pie','Measuring Cups and Spoons'),
('Key Lime Pie','Whisk'),
('Key Lime Pie','Pie Dish'),
('Key Lime Pie','Oven Mitts'),
('Key Lime Pie','Timer'),
('Chicken Tikka Masala','Chefs Knife'),
('Chicken Tikka Masala','Cutting Board'),
('Chicken Tikka Masala','Mixing Bowls'),
('Chicken Tikka Masala','Skillet/Frying Pan'),
('Chicken Tikka Masala','Wooden Spoon'),
('Chicken Tikka Masala','Measuring Cups and Spoons'),
('Chicken Tikka Masala','Blender '),
('Chicken Tikka Masala','Kitchen Scale '),
('Chicken Tikka Masala','Timer'),
('Beef Bourguignon','Chefs Knife'),
('Beef Bourguignon','Cutting Board'),
('Beef Bourguignon','Stockpot'),
('Beef Bourguignon','Wooden Spoon'),
('Beef Bourguignon','Mixing Bowls'),
('Beef Bourguignon','Measuring Cups and Spoons'),
('Beef Bourguignon','Skillet/Frying Pan'),
('Beef Bourguignon','Kitchen Scale'),
('Beef Bourguignon','Timer'),
('Cheese Soufflé','Chefs Knife'),
('Cheese Soufflé','Cutting Board'),
('Cheese Soufflé','Mixing Bowls'),
('Cheese Soufflé','Measuring Cups and Spoons'),
('Cheese Soufflé','Saucepan'),
('Cheese Soufflé','Whisk'),
('Cheese Soufflé','Pie Dish'),
('Cheese Soufflé','Baking Sheets'),
('Cheese Soufflé','Stand Mixer'),
('Cheese Soufflé','Kitchen Scale '),
('Cheese Soufflé','Timer'),
('Scones','Chefs Knife'),
('Scones','Cutting Board'),
('Scones','Mixing Bowls'),
('Scones','Measuring Cups and Spoons'),
('Scones','Baking Sheets'),
('Scones','Pastry Brush'),
('Scones','Rolling Pin '),
('Scones','Oven Mitts'),
('Scones','Timer'),
('Caprese Salad','Chefs Knife'),
('Caprese Salad','Cutting Board'),
('Caprese Salad','Mixing Bowls'),
('Caprese Salad','Measuring Cups and Spoons '),
('Caprese Salad','Whisk'),
('Caprese Salad','Kitchen Scale'),
('Caprese Salad','Timer'),
('Beef Bulgogi','Chefs Knife'),
('Beef Bulgogi','Cutting Board'),
('Beef Bulgogi','Mixing Bowls'),
('Beef Bulgogi','Skillet/Frying Pan '),
('Beef Bulgogi','Tongs'),
('Beef Bulgogi','Measuring Cups and Spoons'),
('Beef Bulgogi','Wooden Spoon'),
('Beef Bulgogi','Kitchen Scale '),
('Beef Bulgogi','Timer '),
('Chicken Noodle Soup','Chefs Knife'),
('Chicken Noodle Soup','Cutting Board'),
('Chicken Noodle Soup','Stockpot'),
('Chicken Noodle Soup','Wooden Spoon '),
('Chicken Noodle Soup','Mixing Bowls'),
('Chicken Noodle Soup','Measuring Cups and Spoons'),
('Chicken Noodle Soup','Skillet/Frying Pan'),
('Chicken Noodle Soup','Kitchen Scale '),
('Chicken Noodle Soup','Timer '),
('Chocolate Truffles','Chefs Knife'),
('Chocolate Truffles','Cutting Board'),
('Chocolate Truffles','Mixing Bowls'),
('Chocolate Truffles','Measuring Cups and Spoons'),
('Chocolate Truffles','Saucepan'),
('Chocolate Truffles','Wooden Spoon'),
('Chocolate Truffles','Baking Sheets'),
('Chocolate Truffles','Kitchen Scale '),
('Chocolate Truffles','Timer '),
('Huevos Rancheros','Chefs Knife'),
('Huevos Rancheros','Cutting Board'),
('Huevos Rancheros','Skillet/Frying Pan'),
('Huevos Rancheros','Spatula'),
('Huevos Rancheros','Mixing Bowls'),
('Huevos Rancheros','Measuring Cups and Spoons'),
('Huevos Rancheros','Wooden Spoon'),
('Huevos Rancheros','Oven Mitts'),
('Huevos Rancheros','Timer'),
('Ratatouille','Chefs Knife'),
('Ratatouille','Cutting Board'),
('Ratatouille','Skillet/Frying Pan'),
('Ratatouille','Wooden Spoon'),
('Ratatouille','Mixing Bowls'),
('Ratatouille','Measuring Cups and Spoons'),
('Ratatouille','Pie dish'),
('Ratatouille','Kitchen Scale '),
('Ratatouille','Timer'),
('Falafel Wrap','Chefs Knife'),
('Falafel Wrap','Cutting Board'),
('Falafel Wrap','Mixing Bowls'),
('Falafel Wrap','Measuring Cups and Spoons'),
('Falafel Wrap','Skillet/Frying Pan'),
('Falafel Wrap','Spatula'),
('Lemon Chicken Piccata','Chefs Knife'),
('Lemon Chicken Piccata','Cutting Board'),
('Lemon Chicken Piccata','Skillet/Frying Pan'),
('Lemon Chicken Piccata','Tongs'),
('Lemon Chicken Piccata','Mixing Bowls'),
('Lemon Chicken Piccata','Measuring Cups and Spoons'),
('Lemon Chicken Piccata','Kitchen Scale '),
('Lemon Chicken Piccata','Wooden Spoon'),
('Lemon Chicken Piccata','Timer'),
('Vegetable Stir-Fry','Chefs Knife'),
('Vegetable Stir-Fry','Cutting Board'),
('Vegetable Stir-Fry','Skillet/Frying Pan'),
('Vegetable Stir-Fry','Wooden Spoon'),
('Vegetable Stir-Fry','Mixing Bowls'),
('Vegetable Stir-Fry','Measuring Cups and Spoons'),
('Vegetable Stir-Fry','Tongs'),
('Vegetable Stir-Fry','Kitchen Scale '),
('Vegetable Stir-Fry','Timer'),
('Chicken Alfredo','Chefs Knife'),
('Chicken Alfredo','Cutting Board'),
('Chicken Alfredo','Stockpot'),
('Chicken Alfredo','Skillet/Frying Pan '),
('Chicken Alfredo','Wooden Spoon'),
('Chicken Alfredo','Mixing Bowls'),
('Chicken Alfredo','Measuring Cups and Spoons'),
('Chicken Alfredo','Tongs'),
('Chicken Alfredo','Kitchen Scale'),
('Chicken Alfredo','Timer'),
('Croissant Bread Pudding','Chefs Knife'),
('Croissant Bread Pudding','Cutting Board'),
('Croissant Bread Pudding','Mixing Bowls'),
('Croissant Bread Pudding','Whisk'),
('Croissant Bread Pudding','Pie dish'),
('Croissant Bread Pudding','Measuring Cups and Spoons'),
('Croissant Bread Pudding','Kitchen Scale'),
('Croissant Bread Pudding','Timer'),
('Spaghetti Carbonara','Chefs Knife'),
('Spaghetti Carbonara','Cutting Board'),
('Spaghetti Carbonara','Stockpot'),
('Spaghetti Carbonara','Skillet/Frying Pan'),
('Spaghetti Carbonara','Mixing Bowls'),
('Spaghetti Carbonara','Measuring Cups and Spoons'),
('Spaghetti Carbonara','Wooden Spoon'),
('Spaghetti Carbonara','Kitchen Scale '),
('Spaghetti Carbonara','Timer'),
('Chicken Shawarma','Chefs Knife'),
('Chicken Shawarma','Cutting Board'),
('Chicken Shawarma','Mixing Bowls'),
('Chicken Shawarma','Measuring Cups and Spoons'),
('Chicken Shawarma','Skillet/Frying Pan '),
('Chicken Shawarma','Tongs '),
('Chicken Shawarma','Kitchen Scale'),
('Chicken Shawarma','Timer'),
('Red Velvet Cake','Chefs Knife'),
('Red Velvet Cake','Cutting Board'),
('Red Velvet Cake','Mixing Bowls'),
('Red Velvet Cake','Measuring Cups and Spoons'),
('Red Velvet Cake','Stand Mixer'),
('Red Velvet Cake','Pie dish'),
('Red Velvet Cake','Oven Mitts'),
('Red Velvet Cake','Timer'),
('Margherita Flatbread','Chefs Knife'),
('Margherita Flatbread','Cutting Board'),
('Margherita Flatbread','Baking Sheets'),
('Margherita Flatbread','Rolling Pin'),
('Margherita Flatbread','Mixing Bowls'),
('Margherita Flatbread','Measuring Cups and Spoons'),
('Margherita Flatbread','Oven Mitts'),
('Margherita Flatbread','Timer'),
('Gyro Wrap','Chefs Knife'),
('Gyro Wrap','Cutting Board'),
('Gyro Wrap','Skillet/Frying Pan '),
('Gyro Wrap','Tongs '),
('Gyro Wrap','Mixing Bowls'),
('Gyro Wrap','Measuring Cups and Spoons'),
('Gyro Wrap','Kitchen Scale '),
('Gyro Wrap','Timer'),
('Pesto Pasta','Chefs Knife'),
('Pesto Pasta','Cutting Board'),
('Pesto Pasta','Stockpot'),
('Pesto Pasta','Mixing Bowls'),
('Pesto Pasta','Colander'),
('Pesto Pasta','Skillet/Frying Pan '),
('Pesto Pasta','Tongs '),
('Pesto Pasta','Measuring Cups and Spoons'),
('Pesto Pasta','Kitchen Scale '),
('Pesto Pasta','Timer'),
('Chicken Caesar Wrap','Chefs Knife'),
('Chicken Caesar Wrap','Cutting Board'),
('Chicken Caesar Wrap','Skillet/Frying Pan '),
('Chicken Caesar Wrap','Mixing Bowls'),
('Chicken Caesar Wrap','Measuring Cups and Spoons'),
('Chicken Caesar Wrap','Kitchen Scale '),
('Chicken Caesar Wrap','Wooden Spoon'),
('Chicken Caesar Wrap','Tongs or Fork'),
('Mushroom Risotto','Chefs Knife'),
('Mushroom Risotto','Cutting Board'),
('Mushroom Risotto','Saucepan'),
('Mushroom Risotto','Wooden Spoon'),
('Mushroom Risotto','Measuring Cups and Spoons'),
('Mushroom Risotto','Skillet/Frying Pan '),
('Mushroom Risotto','Mixing Bowls '),
('Mushroom Risotto','Kitchen Scale '),
('Mushroom Risotto','Timer'),
('Avocado Toast','Chefs Knife'),
('Avocado Toast','Cutting Board'),
('Avocado Toast','Mixing Bowls '),
('Avocado Toast','Measuring Cups and Spoons '),
('Chicken Quesadilla','Chefs Knife'),
('Chicken Quesadilla','Cutting Board'),
('Chicken Quesadilla','Skillet/Frying Pan'),
('Chicken Quesadilla','Spatula'),
('Chicken Quesadilla','Mixing Bowls '),
('Chicken Quesadilla','Measuring Cups and Spoons'),
('Chicken Quesadilla','Kitchen Scale '),
('Chicken Quesadilla','Timer'),
('French Onion Soup','Chefs Knife'),
('French Onion Soup','Cutting Board'),
('French Onion Soup','Stockpot'),
('French Onion Soup','Ladle'),
('French Onion Soup','Measuring Cups and Spoons'),
('French Onion Soup','Baking Sheets'),
('French Onion Soup','Timer'),
('Lemon Ricotta Pancakes','Mixing Bowls'),
('Lemon Ricotta Pancakes','Whisk'),
('Lemon Ricotta Pancakes','Skillet/Frying Pan'),
('Lemon Ricotta Pancakes','Spatula'),
('Lemon Ricotta Pancakes','Measuring Cups and Spoons'),
('Lemon Ricotta Pancakes','Grater '),
('Lemon Ricotta Pancakes','Chefs Knife'),
('Lemon Ricotta Pancakes','Cutting Board');

INSERT INTO cook VALUES
('1','Andreas','Papadopoulos',6930154892,'1988-02-14','Cook A','7'),
('2','Sofia','Katsarou','6937724851','1985-10-06','Chef','12'),
('3','Ioannis','Georgiou','6932968135','1980-04-21','Cook C','2'),
('4','Maria','Papadopoulou','6934521876','1993-08-17','Cook B','4'),
('5','Dimitris','Antonopoulos','6937839012','1997-12-03','Cook B','4'),
('6','Eleni','Karagiannis','6936457298','1992-06-28','Cook A','7'),
('7','Nikolaos','Mavrogiannis','6931075489','1979-09-09','Cook B','4'),
('8','Anna','Ioannou','6938014276','1984-03-25','Chef Assistant','9'),
('9','Georgios','Kostopoulos','6933147802','1990-01-11','Cook C','2'),
('10','Athina','Papadimitriou','6935694180','1982-07-30','Chef','12'),
('11','Panagiotis','Christopoulos','6939284510','1975-11-26','Cook C','2'),
('12','Vasiliki','Tsolakidou','6934876901','1989-05-08','Chef Assistant','9'),
('13','Alexandros','Papageorgiou','6936729041','1994-08-22','Cook A','7'),
('14','Eleftheria','Nikolaou','6932351874','1987-02-18','Cook B','4'),
('15','Konstantinos','Katsaros','6938102563','1991-06-12','Chef Assistant','9'),
('16','Anastasia','Christodoulou','6937562981','1976-10-04','Cook A','7'),
('17','Christos','Papadellis','6934728901','1983-12-19','Cook B','4'),
('18','Despoina','Papageorgiou','6936584123','1981-04-03','Chef Assistant','9'),
('19','Spyridon','Papoutsakis','6935189642','1978-08-29','Chef','12'),
('20','Marina','Kostopoulou','6932497180','1990-01-16','Cook C','2'),
('21','Dimitra','Papandreou','6937839051','1986-03-21','Cook A','7'),
('22','Stavros','Georgopoulos','6936574289','1995-05-07','Cook B','4'),
('23','Maria','Papadellis','6934251679','1982-09-23','Cook B','4'),
('24','Andreas','Papadakis','6938941276','1977-07-05','Chef','12'),
('25','Eirini','Antoniou','6931620485','1989-11-11','Cook C','2'),
('26','Konstantina','Papageorgiou','6933097856','1980-04-28','Cook A','7'),
('27','Georgios','Koutsoukis','6935729308','1993-08-02','Chef Assistant','9'),
('28','Vasiliki','Papadopoulou','6934285091','1985-01-14','Cook B','4'),
('29','Christos','Nikolopoulos','6936978452','1976-05-27','Chef','12'),
('30','Anastasia','Christodoulou','6937840219','1991-09-20','Cook C','2'),
('31','Dimitris','Papandreou','6932185470','1979-03-02','Cook A','7'),
('32','Maria','Papadopoulos','6936351879','1983-11-18','Chef Assistant','9'),
('33','Ioannis','Papadakis','6938092176','1988-07-12','Chef','12'),
('34','Eleni','Tsolakidou','6934259081','1992-01-05','Cook B','4'),
('35','Panagiotis','Antonopoulos','6936584792','1986-05-31','Cook C','2'),
('36','Anna','Georgiou','6937428056','1977-09-15','Chef Assistant','9'),
('37','Nikolaos','Karagiannis','6935387421','1981-01-25','Cook A','7'),
('38','Sofia','Papoutsakis','6939642085','1994-04-19','Cook C','2'),
('39','Georgios','Mavrogiannis','6932985470','1989-10-03','Cook B','4'),
('40','Athina','Papadimitriou','6936725180','1984-02-07','Cook C','2'),
('41','Panagiotis','Kostopoulos','6935871239','1990-06-23','Chef','12'),
('42','Vasiliki','Christodoulou','6939147285','1975-12-08','Cook A','7'),
('43','Alexandros','Papadellis','6933250178','1986-08-02','Chef Assistant','9'),
('44','Eleftheria','Papadopoulos','6937458123','1993-12-06','Cook B','4'),
('45','Konstantinos','Ioannou','6934682905','1978-04-30','Chef','12'),
('46','Anastasia','Karagiannis','6937025813','1981-10-14','Cook C','2'),
('47','Christos','Georgopoulos','6936157294','1985-02-18','Chef Assistant','9'),
('48','Despoina','Papadopoulou','6937890421','1979-06-21','Cook A','7'),
('49','Spyridon','Katsaros','6934291875','1992-08-17','Cook B','4'),
('50','Marina','Papandreou','6938105297','1987-01-01','Chef','12'),
('51','Dimitra','Kostopoulou','6936719045','1994-05-09','Cook C','2'),
('52','Stavros','Papadopoulos','6935084217','1976-09-04','Cook A','7'),
('53','Maria','Papadimitriou','6936389120','1980-11-28','Chef Assistant','9'),
('54','Andreas','Kostas','6937528416','1983-03-16','Chef','12'),
('55','Eirini','Papoutsakis','6931280479','1991-07-21','Cook B','4'),
('56','Konstantina','Mavrogianni','6936830217','1986-12-15','Cook C','2'),
('57','Georgios','Christopoulos','6935792168','1989-04-09','Chef Assistant','9'),
('58','Vasiliki','Papadellis','6937150284','1982-08-05','Cook A','7'),
('59','Christos','Papageorgiou','6934785093','1995-02-25','Cook C','2'),
('60','Anastasia','Papadopoulou','6936318547','1981-06-11','Cook C','2'),
('61','Dimitris','Antoniou','6937240851','1987-10-01','Cook A','7'),
('62','Maria','Tsolakidou','6934098512','1976-04-15','Chef Assistant','9'),
('63','Ioannis','Koutsoukis','6935873016','1983-12-30','Chef','12'),
('64','Eleni','Papadimitriou','6939358124','1988-06-24','Cook B','4'),
('65','Panagiotis','Georgiou','6936721980','1979-09-10','Chef','12'),
('66','Anna','Papadakis','6934582709','1992-11-14','Cook C','2'),
('67','Nikolaos','Karagiannis','6937315820','1981-03-06','Chef Assistant','9'),
('68','Sofia','Papoutsaki','6932874196','1995-07-02','Cook A','7'),
('69','Georgios','Papageorgiou','6936541278','1980-11-26','Cook B','4'),
('70','Athina','Christodoulou','6935187960','1985-05-20','Chef','12'),
('71','Panagiotis','Papadopoulos','6936238457','1988-09-13','Cook C','2'),
('72','Vasiliki','Papadimitriou','6939851274','1977-01-18','Chef Assistant','9'),
('73','Alexandros','Antoniou','6937104589','1994-05-22','Cook A','7'),
('74','Eleftheria','Papadopoulou','6934321987','1989-08-05','Chef','12'),
('75','Konstantinos','Kostopoulos','6936589274','1976-12-31','Cook B','4'),
('76','Anastasia','Georgiou','6938157904','1983-04-27','Chef Assistant','9'),
('77','Christos','Karagiannis','6932946718','1990-10-23','Cook A','7'),
('78','Despoina','Papadopoulos','6935729014','1975-02-17','Chef','12'),
('79','Spyridon','Papadellis','6934892570','1992-06-11','Cook C','2'),
('80','Marina','Mavrogianni','6937231986','1986-09-05','Chef Assistant','9'),
('81','Dimitra','Katsarou','6936735814','1980-11-30','Cook B','4'),
('82','Stavros','Ioannou','6934159872','1985-03-24','Chef','12'),
('83','Maria','Papoutsakis','6938974561','1994-07-18','Cook B','4'),
('84','Andreas','Christopoulos','6936541820','1977-05-02','Cook C','2'),
('85','Eirini','Papadopoulos','6937482913','1989-09-16','Chef Assistant','9'),
('86','Konstantina','Papadimitriou','6933257089','1984-01-20','Cook A','7'),
('87','Georgios','Karagiannis','6935908127','1981-07-04','Chef','12'),
('88','Vasiliki','Georgiou','6934172589','1992-11-28','Cook A','7'),
('89','Christos','Papadellis','6938591273','1979-04-22','Chef','12'),
('90','Anastasia','Antonopoulos','6937325081','1986-08-13','Cook B','4'),
('91','Dimitris','Kostopoulos','6936218459','1991-12-07','Cook C','2'),
('92','Maria','Papageorgiou','6935874192','1976-04-01','Chef Assistant','9'),
('93','Ioannis','Papadakis','6937681250','1983-10-25','Cook B','4'),
('94','Eleni','Karagianni','6931942875','1988-02-09','Chef','12'),
('95','Panagiotis','Papadopoulos','6938295016','1993-06-03','Cook A','7'),
('96','Anna','Papadopoulou','6934159876','1978-12-28','Chef','12'),
('97','Nikolaos','Mavrogiannis','6935721084','1985-05-22','Cook B','4'),
('98','Sofia','Christodoulou','6934879026','1990-09-14','Cook C','2'),
('99','Georgios','Papoutsakis','6936291587','1981-01-28','Chef Assistant','9'),
('100','Athina','Papadimitriou','6935187420','1986-07-10','Cook A','7');

